feature,gain
address_jaccard,508336.37650951836
address_char3_cosine,107959.89260442636
name_core_similarity,24661.991769512184
name_char3_cosine,13717.234455084894
score_confidence,12581.207504200516
address_length_ratio,11120.465825777268
numeric_conflict,9632.088308953214
name_prefix_stripped_sim,7186.352393343113
address_digit_overlap,6116.385675683618
name_translit_similarity,4463.875842272537
name_jaccard,2354.4301441768184
name_jaro_winkler,1634.6932338220067
numeric_conflict_flipped,1618.1159676127136
address_levenshtein,1408.4602439892478
address_pin_prefix_match,1063.091915173456
name_monge_elkan,990.854995982023
name_levenshtein,905.5896018617786
name_length_ratio,894.1236515188357
address_token_diff_norm,847.795300222002
address_missing,833.0091379582882
name_address_similarity_product,786.9804048956139
name_token_sort,663.9855359887006
name_abbrev_expanded_sim,524.1570165255107
name_token_set,501.3421966363676
name_char4_cosine,464.39851558045484
address_all_digits_overlap,377.74520383635536
address_token_count_difference,246.44065096555278
house_number_match,222.11015584506094
both_have_address,199.3529915511608
name_token_count_difference,133.53326381370425
name_token_diff_norm,109.87280577374622
address_street_type_match,72.13899721205235
name_soundex_match,61.50547568500042
country_match,6.89592981338501
name_exact,6.697831191122532
name_high_address_low,6.612477205693722
postal_code_match,5.161059856414795
name_address_conflict,0.4235739931464195
address_exact,0.0
name_high_address_high,0.0
