source1_id,s1_name,s1_country,missed_target_id,target_name,target_country,failure_reason
S1-965667,,,S3-11291185,,,Missing Address
S1-965667,,,S3-860443364,,,Missing Address
S1-965667,,,S2-743505751,,,Missing Address
S1-965667,,,S3-775321672,,,Missing Address
S1-965667,,,S2-681193310,,,Missing Address
S1-55344266,,,S2-249013014,,,Missing Address
S1-55344266,,,S3-384364074,,,Missing Address
S1-55344266,,,S2-197070651,,,Missing Address
S1-55344266,,,S3-478195123,,,Missing Address
S1-343815751,,,S3-878454467,,,Missing Address
S1-343815751,,,S2-790675320,,,Missing Address
S1-343815751,,,S2-479876582,,,Missing Address
S1-656753428,,,S3-679606215,,,Missing Address
S1-656753428,,,S2-153058913,,,Missing Address
S1-656753428,,,S2-24659151,,,Missing Address
S1-102811957,,,S2-625774905,,,Missing Address
S1-102811957,,,S2-553508714,,,Missing Address
S1-102811957,,,S3-728090388,,,Missing Address
S1-102811957,,,S2-478959098,,,Missing Address
S1-102811957,,,S3-449308785,,,Missing Address
S1-102811957,,,S3-928796641,,,Missing Address
S1-18727616,,,S3-476250621,,,Missing Address
S1-18727616,,,S3-187831601,,,Missing Address
S1-18727616,,,S3-641489370,,,Missing Address
S1-18727616,,,S2-755677256,,,Missing Address
S1-318373630,,,S3-804600254,,,Missing Address
S1-318373630,,,S2-660036492,,,Missing Address
S1-86989137,,,S3-312496301,,,Missing Address
S1-86989137,,,S3-274817120,,,Missing Address
S1-29845983,,,S3-588502663,,,Missing Address
S1-29845983,,,S2-648035184,,,Missing Address
S1-789009573,,,S2-383871912,,,Missing Address
S1-789009573,,,S3-576451439,,,Missing Address
S1-789009573,,,S3-74481402,,,Missing Address
S1-730934468,,,S2-356983532,,,Missing Address
S1-730934468,,,S3-352439310,,,Missing Address
S1-7293388,,,S2-157073701,,,Missing Address
S1-7293388,,,S2-442723188,,,Missing Address
S1-7293388,,,S3-523120965,,,Missing Address
S1-7293388,,,S2-7028416,,,Missing Address
S1-546142636,,,S2-582477216,,,Missing Address
S1-546142636,,,S2-487600131,,,Missing Address
S1-546142636,,,S3-249331830,,,Missing Address
S1-546142636,,,S2-392804085,,,Missing Address
S1-546142636,,,S3-200008747,,,Missing Address
S1-546142636,,,S3-729771680,,,Missing Address
S1-274126313,,,S3-925631694,,,Missing Address
S1-274126313,,,S2-51486805,,,Missing Address
S1-274126313,,,S3-461175723,,,Missing Address
S1-274126313,,,S2-680265918,,,Missing Address
