category,s1_id,s1_name,s1_address,s1_country,matched_id,matched_name,matched_address,matched_country,name_sim,addr_sim,digit_ov,challenge_description
missing_address_in_matched,S1-965667,Maure Williams Colombier Inc,"85 Wayne Avenue, Ticonderoga, NY",US,S2-681193310,Maure Wilblims Colombier Inc,,US,0.6,0.0,-1.0,Target record has empty address field (~3.3% of S2/S3). Matching model must rely exclusively on high-confidence name similarity and country.
missing_address_in_matched,S1-965667,Maure Williams Colombier Inc,"85 Wayne Avenue, Ticonderoga, NY",US,S2-743505751,Maure Williams Colombier,,US,0.75,0.0,-1.0,Target record has empty address field (~3.3% of S2/S3). Matching model must rely exclusively on high-confidence name similarity and country.
missing_address_in_matched,S1-965667,Maure Williams Colombier Inc,"85 Wayne Avenue, Ticonderoga, NY",US,S3-860443364,Maure Williams Inc Center,,US,0.6,0.0,-1.0,Target record has empty address field (~3.3% of S2/S3). Matching model must rely exclusively on high-confidence name similarity and country.
missing_address_in_matched,S1-953694901,St. Lutheran Church LLC,"Crown Point, IN, 787 Ronny Court",US,S3-860481692,St. Lutheran Church L.L.C.,,US,0.5,0.0,-1.0,Target record has empty address field (~3.3% of S2/S3). Matching model must rely exclusively on high-confidence name similarity and country.
missing_address_in_matched,S1-996931439,Aeonian Tree Limited,"Sf. No 615, Vadakkuthottam, Coimbatore North, Coimbatore, Tamil Nadu",India,S2-6800391,Aeonian Tree Ltd,,India,0.5,0.0,-1.0,Target record has empty address field (~3.3% of S2/S3). Matching model must rely exclusively on high-confidence name similarity and country.
missing_address_in_matched,S1-747705086,Gujarat Realty LLP,"110, Inderprastha Tower Wazirpur, Delhi",India,S3-541988174,Gujarat Realty L.L.P.,,India,0.4,0.0,-1.0,Target record has empty address field (~3.3% of S2/S3). Matching model must rely exclusively on high-confidence name similarity and country.
missing_address_in_matched,S1-726175679,Blue Global Private Limited,"A/610, Main Frame Building, Royal Palms, Aarey Milk Colony, Goregaon (East), Mumbai, Maharashtra",India,S2-682080483,Blue Glhobla Private Limited,,India,0.6,0.0,-1.0,Target record has empty address field (~3.3% of S2/S3). Matching model must rely exclusively on high-confidence name similarity and country.
missing_address_in_matched,S1-840853418,"1055 First Place Realty, LLC","2617 Lincolnway, Unit 5, Cheyenne, WY",US,S3-898812301,"1055 First Place Realty, Llc",,US,1.0,0.0,-1.0,Target record has empty address field (~3.3% of S2/S3). Matching model must rely exclusively on high-confidence name similarity and country.
missing_address_in_matched,S1-6034061,Rib Manpower Private Limited,"Vevekananda Nagar, Kukatpally, Plot No 309, Hyderabad, Telangana, Rangareddy",India,S2-875808887,Rib Manpower Private,,India,0.75,0.0,-1.0,Target record has empty address field (~3.3% of S2/S3). Matching model must rely exclusively on high-confidence name similarity and country.
missing_address_in_matched,S1-321648485,Herman Total Software LLC,"1151 Birdwell Drive, Gallatin, TN",US,S3-932082996,herman total software llc,,US,1.0,0.0,-1.0,Target record has empty address field (~3.3% of S2/S3). Matching model must rely exclusively on high-confidence name similarity and country.
missing_address_in_matched,S1-606804763,Thane Lifestyle Private Limited,"Shop No 3, Giridarshan Bldg, Old Agra Road, Thane, Maharashtra",India,S2-199887157,thane lifestyle private limited,,India,1.0,0.0,-1.0,Target record has empty address field (~3.3% of S2/S3). Matching model must rely exclusively on high-confidence name similarity and country.
missing_address_in_matched,S1-140600400,Desrochers Piedmont Hill of Rockford Inc,"431 Hawthorne Avenue, Rockford, IL",US,S2-263041330,Desrochers Pbedtmnot Hill of Rockford Inc,,US,0.714,0.0,-1.0,Target record has empty address field (~3.3% of S2/S3). Matching model must rely exclusively on high-confidence name similarity and country.
missing_address_in_matched,S1-279637722,Cascade Ministries,"N1357 Red School Road, Town Of Melrose, WI",US,S2-757761156,cascade ministries Enterprises,,US,0.667,0.0,-1.0,Target record has empty address field (~3.3% of S2/S3). Matching model must rely exclusively on high-confidence name similarity and country.
missing_address_in_matched,S1-429293866,Back Alley Tattoo,"2126 7th Street, City Of Superior, WI",US,S2-948224847,BACK ALLEY-TATTOO CO,,US,0.75,0.0,-1.0,Target record has empty address field (~3.3% of S2/S3). Matching model must rely exclusively on high-confidence name similarity and country.
missing_address_in_matched,S1-204812685,Masters Projects Pvt Ltd,"Old Agra Rd Nashik, C11-12 Sethies City Plaza, Nashik, Maharashtra",India,S2-421259523,Masters Pvt Ltd Partners,,India,0.6,0.0,-1.0,Target record has empty address field (~3.3% of S2/S3). Matching model must rely exclusively on high-confidence name similarity and country.
transliteration_script_mismatch,S1-308262271,Royal Surya Management,"605, 6Th Floor, Hallmark Business Plaza, Opp. Guru Nanak Hospital, Bandra (East), Mumbai, Mumbai City, Maharashtra",India,S2-696354721,रॉयल सूर्य मैनेजमेंट,"MUMBAI CITY, 605, MUMBAI, महाराष्ट्र",India,0.0,0.158,0.5,Cross-lingual mismatch: S1 is in Latin while match is in Devanagari. Latin string matching yields 0.0 similarity. Requires script normalization/transliteration or address-based anchoring.
transliteration_script_mismatch,S1-308262271,Royal Surya Management,"605, 6Th Floor, Hallmark Business Plaza, Opp. Guru Nanak Hospital, Bandra (East), Mumbai, Mumbai City, Maharashtra",India,S3-149565445,Royal सूर्य मैनेजमेंट,"605, Mumbai City, Mumbai, MH",India,0.1,0.188,0.5,Cross-lingual mismatch: S1 is in Latin while match is in Hybrid Devanagari-Latin. Latin string matching yields 0.0 similarity. Requires script normalization/transliteration or address-based anchoring.
transliteration_script_mismatch,S1-32048079,Galaxy Bombay Management Private Limited,"South West Delhi, Delhi, Mansih Chamber-Iv, Plot No-7, Sector-12. Lsc Dwarka 3Rd Floor, Office No. T-6, Delhi",India,S3-134350666,गैलेक्सी बॉम्बे मैनेजमेंट प्राइवेट लिमिटेड,"Office No. T-6., Delhi, South West Delhi, DL",India,0.0,0.368,0.25,Cross-lingual mismatch: S1 is in Latin while match is in Devanagari. Latin string matching yields 0.0 similarity. Requires script normalization/transliteration or address-based anchoring.
transliteration_script_mismatch,S1-973378020,Premier Ss Food Private Limited,"Sanjeevanicentershrikamdhenuestatemindspapce, Chincholibunder, Malad(Wes, T), Mumbai, Mumbai City, Maharashtra",India,S2-283743266,प्रीमियर एसएस फूड प्राइवेट लिमिटेड,"SANJEEVANICENTERSHRIKAMDHENUESTATEMINDSPAPCE, MUMBAI, MUMBAI CITY, Maharashtra",India,0.0,0.5,-1.0,Cross-lingual mismatch: S1 is in Latin while match is in Devanagari. Latin string matching yields 0.0 similarity. Requires script normalization/transliteration or address-based anchoring.
transliteration_script_mismatch,S1-973378020,Premier Ss Food Private Limited,"Sanjeevanicentershrikamdhenuestatemindspapce, Chincholibunder, Malad(Wes, T), Mumbai, Mumbai City, Maharashtra",India,S2-925001063,प्रीमियर Ss फूड Private Limited,"SANJEEVANICENTERSHRIKAMDHENUESTATEMINDSPAPCE, CHINCHOLIBUNDER, MALAD(WES, T), MUMBAI CITY, MUMBAI, Maharashtra",India,0.273,1.0,-1.0,Cross-lingual mismatch: S1 is in Latin while match is in Hybrid Devanagari-Latin. Latin string matching yields 0.0 similarity. Requires script normalization/transliteration or address-based anchoring.
transliteration_script_mismatch,S1-259279217,Real Consulting Private Limited,"Office No. 124, Plot No. 8-9, Sector 19D, Vashi, Thane, Navi Mumbai, Maharashtra",India,S2-197857416,रियल कंसल्टिंग प्राइवेट लिमिटेड,"OFFICE NO. 124, NAVI MUMBAI, THANE, महाराष्ट्र",India,0.0,0.353,0.25,Cross-lingual mismatch: S1 is in Latin while match is in Devanagari. Latin string matching yields 0.0 similarity. Requires script normalization/transliteration or address-based anchoring.
transliteration_script_mismatch,S1-526056745,Al Ram Engineering Private Limited,"400/3, Giri Market, Ghaziabad, Uttar Pradesh",India,S2-104088774,अल राम इंजीनियरिंग प्राइवेट लिमिटेड,"00/3, GHAZIABAD, उत्तर प्रदेश",India,0.0,0.154,0.333,Cross-lingual mismatch: S1 is in Latin while match is in Devanagari. Latin string matching yields 0.0 similarity. Requires script normalization/transliteration or address-based anchoring.
transliteration_script_mismatch,S1-526056745,Al Ram Engineering Private Limited,"400/3, Giri Market, Ghaziabad, Uttar Pradesh",India,S2-706207344,अल राम इंजीनियरिंग प्राइवेट लिमिटेड,"00/3, GHAZIABAD, Uttar Pradesh",India,0.0,0.5,0.333,Cross-lingual mismatch: S1 is in Latin while match is in Devanagari. Latin string matching yields 0.0 similarity. Requires script normalization/transliteration or address-based anchoring.
transliteration_script_mismatch,S1-526056745,Al Ram Engineering Private Limited,"400/3, Giri Market, Ghaziabad, Uttar Pradesh",India,S3-924222833,अल राम इंजीनियरिंग प्राइवेट लिमिटेड,"400/3, Ghaziabad, UP",India,0.0,0.375,1.0,Cross-lingual mismatch: S1 is in Latin while match is in Devanagari. Latin string matching yields 0.0 similarity. Requires script normalization/transliteration or address-based anchoring.
transliteration_script_mismatch,S1-910725772,Dynamic Estate,"470, Gadchandur, Korpana, Chandrapur Chandur, Chandur, Chandrapur, Maharashtra",India,S3-955645440,डायनामिक एस्टेट,"470, Chandur, Chandrapur, MH",India,0.0,0.429,1.0,Cross-lingual mismatch: S1 is in Latin while match is in Devanagari. Latin string matching yields 0.0 similarity. Requires script normalization/transliteration or address-based anchoring.
transliteration_script_mismatch,S1-682477366,Shree Vision Systems Private Limited,"Block No C/13St Plus D Chs Mulund (W), Mumbai, Mumbai City, Maharashtra",India,S3-491901633,Shree विजन सिस्टम्स Private Limited,"Block No C/13st Plus D Chs Mulund (W), Mumbai, Mumbai City, MH",India,0.333,0.846,1.0,Cross-lingual mismatch: S1 is in Latin while match is in Hybrid Devanagari-Latin. Latin string matching yields 0.0 similarity. Requires script normalization/transliteration or address-based anchoring.
transliteration_script_mismatch,S1-4721851,Real Creative Ventures Private Limited,"3Rd Floor, H. No 16, Road No 73, West Punjabi Bagh, New Delhi, West Delhi, Delhi",India,S2-578763111,रियल क्रिएटिव वेंचर्स प्राइवेट लिमिटेड,"DOOR NO B3/3RD FLOOR, NEW DELHI, WEST DELHI, Delhi",India,0.0,0.429,0.333,Cross-lingual mismatch: S1 is in Latin while match is in Devanagari. Latin string matching yields 0.0 similarity. Requires script normalization/transliteration or address-based anchoring.
transliteration_script_mismatch,S1-4721851,Real Creative Ventures Private Limited,"3Rd Floor, H. No 16, Road No 73, West Punjabi Bagh, New Delhi, West Delhi, Delhi",India,S2-473818470,रियल क्रिएटिव वेंचर्स प्राइवेट लिमिटेड,"B3/3RD FLOOR, NEW DELHI, Delhi",India,0.0,0.308,0.333,Cross-lingual mismatch: S1 is in Latin while match is in Devanagari. Latin string matching yields 0.0 similarity. Requires script normalization/transliteration or address-based anchoring.
transliteration_script_mismatch,S1-4721851,Real Creative Ventures Private Limited,"3Rd Floor, H. No 16, Road No 73, West Punjabi Bagh, New Delhi, West Delhi, Delhi",India,S3-886994821,रियल क्रिएटिव वेंचर्स प्राइवेट लिमिटेड,"#3Rd Floor, New Delhi, West Delhi, DL",India,0.0,0.385,0.333,Cross-lingual mismatch: S1 is in Latin while match is in Devanagari. Latin string matching yields 0.0 similarity. Requires script normalization/transliteration or address-based anchoring.
transliteration_script_mismatch,S1-837402804,Prime Properties Private Limited,"Kancheepuram, Tamil Nadu, Vpv Avenue Main Road Poonamallee, Chennai, 13-A",India,S2-504109675,பிரைம் புராப்பர்ட்டீஸ் பிரைவேட் லிமிடெட்,"HN 939 13-A, CHENNAI, KANCHEEPURAM, Tamil Nadu",India,0.0,0.462,0.5,Cross-lingual mismatch: S1 is in Latin while match is in Tamil. Latin string matching yields 0.0 similarity. Requires script normalization/transliteration or address-based anchoring.
different_name_same_address,S1-308262271,Royal Surya Management,"605, 6Th Floor, Hallmark Business Plaza, Opp. Guru Nanak Hospital, Bandra (East), Mumbai, Mumbai City, Maharashtra",India,S2-877910903,रॉयल सूर्य मैनेजमेंट,"605, 6TH FLOOR, HALLMARK BUSINESS PLAZA, OPP. GURU NANAK HOSPITAL, BANDRA (EAST), MUMBAI, MUMBAI CITY, Maharashtra",India,0.0,1.0,1.0,"Business names diverge dramatically (DBA / trade name / domain name / brand abbreviation), but physical address is identical. Pure name blocking will miss these."
different_name_same_address,S1-308262271,Royal Surya Management,"605, 6Th Floor, Hallmark Business Plaza, Opp. Guru Nanak Hospital, Bandra (East), Mumbai, Mumbai City, Maharashtra",India,S3-357540678,रॉयल सूर्या मैनेजमेंट,"605, 6Th Floor, Hallmark Business Plaza, Opp. Guru Nanak Hospital, Bandra (East), Mumbai, Mumbai City, महाराष्ट्र",India,0.0,0.737,1.0,"Business names diverge dramatically (DBA / trade name / domain name / brand abbreviation), but physical address is identical. Pure name blocking will miss these."
different_name_same_address,S1-266915010,Dream It Limited,"Flat No. D-062, Park Heights, Dlf Park Place Phase-V, Gurgaon, Haryana",India,S3-999559043,ड्रीम आईटी लिमिटेड,"HR, Flat No. D-062, Rohtak, Dlf Park Place Phase-v",India,0.0,0.643,1.0,"Business names diverge dramatically (DBA / trade name / domain name / brand abbreviation), but physical address is identical. Pure name blocking will miss these."
different_name_same_address,S1-726175679,Blue Global Private Limited,"A/610, Main Frame Building, Royal Palms, Aarey Milk Colony, Goregaon (East), Mumbai, Maharashtra",India,S2-636109237,ब्लू ग्लोबल प्राइवेट लिमिटेड,"A/610, Maharashtra, GOREGAON (EAST), MUMBAI, MAIN FRAME BUILDING, ROYAL PALMS, AAREY MILK COLONY",India,0.0,1.0,1.0,"Business names diverge dramatically (DBA / trade name / domain name / brand abbreviation), but physical address is identical. Pure name blocking will miss these."
different_name_same_address,S1-107384007,Triton Law Chambers Pvt. Ltd.,"12, Jai Bharat Society, 2Nd Samruta Bldg. 5Th Road, Khar(West), Mumbai, Mumbai City, Maharashtra",India,S3-731434111,Triton,"12, Jai Bharat Society, 2Nd Samruta Bldg. 5Th Road, Khar(West), Mumbai, Mumbai City, Maharashtra",India,0.2,1.0,1.0,"Business names diverge dramatically (DBA / trade name / domain name / brand abbreviation), but physical address is identical. Pure name blocking will miss these."
different_name_same_address,S1-606804763,Thane Lifestyle Private Limited,"Shop No 3, Giridarshan Bldg, Old Agra Road, Thane, Maharashtra",India,S3-669278669,#thanelifestyle,"Shop No 3, Giridarshan Bldg, Old Agra Road, Thane, MH",India,0.0,0.818,1.0,"Business names diverge dramatically (DBA / trade name / domain name / brand abbreviation), but physical address is identical. Pure name blocking will miss these."
different_name_same_address,S1-888475509,Precision Frontier Estate LLC,"80 Mary Catherine Circle, Windsor, CT",US,S2-138492196,precisionfrontierestate.com,"80- MARY CATHERINE CIR, NULL, WINDSOR, CT",US,0.0,0.625,1.0,"Business names diverge dramatically (DBA / trade name / domain name / brand abbreviation), but physical address is identical. Pure name blocking will miss these."
different_name_same_address,S1-32048079,Galaxy Bombay Management Private Limited,"South West Delhi, Delhi, Mansih Chamber-Iv, Plot No-7, Sector-12. Lsc Dwarka 3Rd Floor, Office No. T-6, Delhi",India,S2-881452813,गैलेक्सी बॉम्बे मैनेजमेंट प्राइवेट लिमिटेड,"OFFICE NO. T-##6, MANSIH CHAMBER-IV, PLOT NO-7, SECTOR-12. LSC DWARKA 3RD FLOOR, DELHI, SOUTH WEST DELHI, Delhi",India,0.0,1.0,1.0,"Business names diverge dramatically (DBA / trade name / domain name / brand abbreviation), but physical address is identical. Pure name blocking will miss these."
different_name_same_address,S1-140600400,Desrochers Piedmont Hill of Rockford Inc,"431 Hawthorne Avenue, Rockford, IL",US,S2-866816492,#desrocherspiedmont,"431. HAWTHORNE AVE, ROCKFORD, IL",US,0.0,0.667,1.0,"Business names diverge dramatically (DBA / trade name / domain name / brand abbreviation), but physical address is identical. Pure name blocking will miss these."
different_name_same_address,S1-279637722,Cascade Ministries,"N1357 Red School Road, Town Of Melrose, WI",US,S2-843826495,LYRABELOMIRA,"N1357- RED SCHOOL ROAD, TOWN OF MELROSE, WI",US,0.0,1.0,1.0,"Business names diverge dramatically (DBA / trade name / domain name / brand abbreviation), but physical address is identical. Pure name blocking will miss these."
different_name_same_address,S1-279637722,Cascade Ministries,"N1357 Red School Road, Town Of Melrose, WI",US,S3-316571593,-- Cascadeministries.Com,"N1357 Red School Rd, Town Of Melrose, Wisconsin",US,0.0,0.6,1.0,"Business names diverge dramatically (DBA / trade name / domain name / brand abbreviation), but physical address is identical. Pure name blocking will miss these."
different_name_same_address,S1-846707301,Pena Fresh Sony Inc,"1009 Fairground Road, Celina, OH",US,S2-294277994,fpsony.com,"1009 FAIRGROUND ROAD, CELINA, OH",US,0.0,1.0,1.0,"Business names diverge dramatically (DBA / trade name / domain name / brand abbreviation), but physical address is identical. Pure name blocking will miss these."
different_name_same_address,S1-598208046,Continental Quality Adr L.L.C.,"68 Hinshaw Street, Arnolds Park, IA",US,S2-45163565,Keloavivantage,"68 HINSHAW ST, ARNOLDS PARK, IA",US,0.0,0.714,1.0,"Business names diverge dramatically (DBA / trade name / domain name / brand abbreviation), but physical address is identical. Pure name blocking will miss these."
different_name_same_address,S1-374835139,Management Virat (trading) Private Limited,"Bangalore, Nimritha Layout, Chikkanayakanahall Post Carmelaram, Sarjapura Road, Bangalore, Bangalore, # 12, Karnataka",India,S2-541222936,managementvirattrading.com,"# 12, NIMRITHA LAYOUT, CHIKKANAYAKANAHALL POST CARMELARAM, SARJAPURA ROAD, BANGALORE, BANGALORE, Karnataka",India,0.0,1.0,1.0,"Business names diverge dramatically (DBA / trade name / domain name / brand abbreviation), but physical address is identical. Pure name blocking will miss these."
different_name_same_address,S1-470670887,Jyoti Services Private Limited,"Nattz Healthcare Private Limited Vasant Vihar, Sunam Road, Sangrur, Punjab",India,S2-219446202,jy0tiservices.com,"NATTZ HEALTHCARE PRIVATE LIMITED VASANT VIHAR, SANGRUR, Punjab",India,0.0,0.8,-1.0,"Business names diverge dramatically (DBA / trade name / domain name / brand abbreviation), but physical address is identical. Pure name blocking will miss these."
exact_match_positive,S1-146281653,Marker Solution LLC,"6402 Dry Barley Lane, Columbia, MD",US,S2-284572475,Marker  Solution LLC,"6402 DRY BARLEY LANE, COLUMBIA, MD",US,1.0,1.0,1.0,"Clean, high-fidelity match where standard string equality or high threshold captures the link directly."
exact_match_positive,S1-214118007,Electronic Automation Technologies Inc,"105 East Street, Atlanta, IL",US,S2-563734938,Electronic Automation-Technologies  Inc,"105 EAST STREET, ATLANTA, IL",US,1.0,1.0,1.0,"Clean, high-fidelity match where standard string equality or high threshold captures the link directly."
exact_match_positive,S1-846707301,Pena Fresh Sony Inc,"1009 Fairground Road, Celina, OH",US,S2-769759279,Pena  Fresh Sony Inc,"1009 FAIRGROUND ROAD, CELINA, OH",US,1.0,1.0,1.0,"Clean, high-fidelity match where standard string equality or high threshold captures the link directly."
exact_match_positive,S1-463577535,Balaji Garments Pvt Ltd,"Rajasthan, Udaipur, Bedla, Udaipur, Behind Maliyo Ka Devra",India,S2-815100111,BALAJI GARMENTS LTD PVT,"BEHIND MALIYO KA DEVRA, BEDLA, UDAIPUR, Rajasthan",India,1.0,1.0,-1.0,"Clean, high-fidelity match where standard string equality or high threshold captures the link directly."
exact_match_positive,S1-412301104,Heartland Family Practice,"4420 Fairvale Court, Portland, OR",US,S2-737276084,Heartland Practice Family,"##4420 FAIRVALE COURT, PORTLAND, OR",US,1.0,1.0,1.0,"Clean, high-fidelity match where standard string equality or high threshold captures the link directly."
exact_match_positive,S1-998752664,Thane Mould Limited,"A/5, Sukh-Swati, Chs Ltd, Shrinagar Sector-6, Wagle Estate, Thane (West), Thane, Maharashtra",India,S2-837168907,THANE MOULD LIMITED,"A/5, SUKH-SWATI, CHS LTD, SHRINAGAR SECTOR-6, WAGLE ESTATE, THANE (WEST), THANE, Maharashtra",India,1.0,1.0,1.0,"Clean, high-fidelity match where standard string equality or high threshold captures the link directly."
exact_match_positive,S1-765233993,Red Foods Limited,"C/O Parvej Alam, Umrapur, Murshidabad, West Bengal",India,S2-101202942,RED  FOODS-LIMITED,"C/O PARVEJ ALAM, UMRAPUR, MURSHIDABAD, West Bengal",India,1.0,1.0,-1.0,"Clean, high-fidelity match where standard string equality or high threshold captures the link directly."
exact_match_positive,S1-186466080,"Jones Multimedia, LLC","1933 Proteus Drive, Haslet, TX",US,S2-284308191,"JONES MULTIMEDIA, LLC","TX, ##1933 PROTEUS DRIVE, HASLET",US,1.0,1.0,1.0,"Clean, high-fidelity match where standard string equality or high threshold captures the link directly."
exact_match_positive,S1-358704540,Lbs Academy Ltd,"235, Binnamangala, 2Nd Fl, 13Th Cross Road, 2Nd Stage, Bangalore North, Bangalore, Karnataka",India,S2-619905964,lbs academy ltd,"235, BINNAMANGALA, 2ND FL, 13TH CROSS ROAD, 2ND STAGE, BANGALORE NORTH, Karnataka",India,1.0,1.0,1.0,"Clean, high-fidelity match where standard string equality or high threshold captures the link directly."
exact_match_positive,S1-453278567,Tejansh Fuel Private Limited,"Paradise Vikas Yojna, Jaipur, 53 Atrey Sadan, Jaipur, Rajasthan",India,S2-580640767,Tejansh Fuel Limited Private,"53 ATREY SADAN, PARADISE VIKAS YOJNA, JAIPUR, Rajasthan",India,1.0,1.0,1.0,"Clean, high-fidelity match where standard string equality or high threshold captures the link directly."
exact_match_positive,S1-531945597,"Pfeiffer, Pham & Russell Meridian LLC","2542 Jack Black Road, Lancaster, KY",US,S2-310402245,"PFEIFFER, PHAM & RUSSELL MERIDIAN LLC","2542 JACK BLACK ROAD, LANCASTER, KY",US,1.0,1.0,1.0,"Clean, high-fidelity match where standard string equality or high threshold captures the link directly."
exact_match_positive,S1-41987394,Golden Clean Tower Inc,"87 Thompson Street, Staten Island, NY",US,S2-823719469,Golden Tower Clean Inc,"STATEN ISLAND, NY, 87 THOMPSON STREET",US,1.0,1.0,1.0,"Clean, high-fidelity match where standard string equality or high threshold captures the link directly."
exact_match_positive,S1-949541329,Maratha Infra Private Limited,"Suryaviharp S Madhupatana, Cuttack, Orissa",India,S2-68390008,maratha infra private limited,"SURYAVIHARP S MADHUPATANA, CUTTACK, Orissa",India,1.0,1.0,-1.0,"Clean, high-fidelity match where standard string equality or high threshold captures the link directly."
exact_match_positive,S1-834297979,111 Market Realty Inc.,"21 Pike Street, Augusta, ME",US,S2-421607307,Inc 111 Market Realty,"ME, 21 PIKE STREET, AUGUSTA",US,1.0,1.0,1.0,"Clean, high-fidelity match where standard string equality or high threshold captures the link directly."
exact_match_positive,S1-617159543,Kids Bio Pvt. Ltd.,"7, Flr Grd, 61 Rele Building Sitarampoddar Marg Fannaswadi Thakurdwar Kalbadevi, Mumbai, Mumbai City, Maharashtra",India,S2-312346370,PVT KIDS BIO LTD,"7, FLR GRD, 61 RELE BUILDING SITARAMPODDAR MARG FANNASWADI THAKURDWAR KALBADEVI, MUMBAI, MUMBAI CITY, Maharashtra",India,1.0,1.0,1.0,"Clean, high-fidelity match where standard string equality or high threshold captures the link directly."
high_cardinality_multi_match,S1-141137370,Peacock Care Ltd,"66-B Ridhi Sidhi Nagar Bundi Road, Kota, Rajasthan",India,S2-828783143,PEACOCK CARE LTD.,"DOOR NO 66-B RIDHI SIDHI NAGAR BUNDI ROAD, KOTA, Rajasthan",India,1.0,0.818,1.0,Entity has 8 matching records across sources with subtle typos and variations. Candidate generation must recall all branches without inducing false positives.
high_cardinality_multi_match,S1-141137370,Peacock Care Ltd,"66-B Ridhi Sidhi Nagar Bundi Road, Kota, Rajasthan",India,S2-553339500,Peacock Care  Ltd,"#66-B RIDHI SIDHI NAGAR BUNDI ROAD, KOTA, राजस्थान",India,1.0,0.615,1.0,Entity has 8 matching records across sources with subtle typos and variations. Candidate generation must recall all branches without inducing false positives.
high_cardinality_multi_match,S1-141137370,Peacock Care Ltd,"66-B Ridhi Sidhi Nagar Bundi Road, Kota, Rajasthan",India,S3-17821895,Peacock Cáre Ltd,"66-B Ridhi Sidhi Nagar Bundi Road, Kota, RJ",India,0.5,0.8,1.0,Entity has 8 matching records across sources with subtle typos and variations. Candidate generation must recall all branches without inducing false positives.
high_cardinality_multi_match,S1-141137370,Peacock Care Ltd,"66-B Ridhi Sidhi Nagar Bundi Road, Kota, Rajasthan",India,S3-806483823,Peacock-Care,"Door No 66-B Ridhi Sidhi Nagar Bundi Road, Kota, RJ",India,0.667,0.667,1.0,Entity has 8 matching records across sources with subtle typos and variations. Candidate generation must recall all branches without inducing false positives.
high_cardinality_multi_match,S1-141137370,Peacock Care Ltd,"66-B Ridhi Sidhi Nagar Bundi Road, Kota, Rajasthan",India,S3-397760357,Mr Peacock Care,"Door No 66-B Ridhi Sidhi Nagar Bundi Road, Kota, RJ",India,0.5,0.667,1.0,Entity has 8 matching records across sources with subtle typos and variations. Candidate generation must recall all branches without inducing false positives.
high_cardinality_multi_match,S1-141137370,Peacock Care Ltd,"66-B Ridhi Sidhi Nagar Bundi Road, Kota, Rajasthan",India,S3-141792469,PEACOCK CARE LTD,"66-B Ridhi Sidhi Nagar Bundi Road, Kota, RJ",India,1.0,0.8,1.0,Entity has 8 matching records across sources with subtle typos and variations. Candidate generation must recall all branches without inducing false positives.
high_cardinality_multi_match,S1-141137370,Peacock Care Ltd,"66-B Ridhi Sidhi Nagar Bundi Road, Kota, Rajasthan",India,S3-337687420,Peacock,"66-B Ridhi Sidhi Nagar Bundi Road, Kota, Rajasthan",India,0.333,1.0,1.0,Entity has 8 matching records across sources with subtle typos and variations. Candidate generation must recall all branches without inducing false positives.
high_cardinality_multi_match,S1-682477366,Shree Vision Systems Private Limited,"Block No C/13St Plus D Chs Mulund (W), Mumbai, Mumbai City, Maharashtra",India,S2-52744604,Shree Vsion Systems Private Limited,"BLOCK NO C/13ST PLUS D CHS MULUND (W), MUMBAI, Maharashtra",India,0.667,0.917,1.0,Entity has 8 matching records across sources with subtle typos and variations. Candidate generation must recall all branches without inducing false positives.
high_cardinality_multi_match,S1-682477366,Shree Vision Systems Private Limited,"Block No C/13St Plus D Chs Mulund (W), Mumbai, Mumbai City, Maharashtra",India,S2-38955418,Shree Vision Systems Private,"BLOCK NO C/13ST PLUS D CHS MULUND (W), MUMBAI, Maharashtra",India,0.8,0.917,1.0,Entity has 8 matching records across sources with subtle typos and variations. Candidate generation must recall all branches without inducing false positives.
high_cardinality_multi_match,S1-682477366,Shree Vision Systems Private Limited,"Block No C/13St Plus D Chs Mulund (W), Mumbai, Mumbai City, Maharashtra",India,S3-62934582,Shree Vsin Systems Private Limited,"Block No C/13st Plus D Chs Mulund (W), Mumbai, Mumbai City, महाराष्ट्र",India,0.667,0.688,1.0,Entity has 8 matching records across sources with subtle typos and variations. Candidate generation must recall all branches without inducing false positives.
high_cardinality_multi_match,S1-682477366,Shree Vision Systems Private Limited,"Block No C/13St Plus D Chs Mulund (W), Mumbai, Mumbai City, Maharashtra",India,S3-579338071,Shree Vision Systems Prívate Limited,"Block No C/13st Plus D Chs Mulund (W), Mumbai City, Mumbai, MH",India,0.667,0.846,1.0,Entity has 8 matching records across sources with subtle typos and variations. Candidate generation must recall all branches without inducing false positives.
high_cardinality_multi_match,S1-620488247,Ziex,"3538 Awalt Road, Tullahoma, TN",US,S2-679886973,Ziex,"3538 AWALT ROAD, TULLAHOMA, TN",US,1.0,1.0,1.0,Entity has 8 matching records across sources with subtle typos and variations. Candidate generation must recall all branches without inducing false positives.
high_cardinality_multi_match,S1-620488247,Ziex,"3538 Awalt Road, Tullahoma, TN",US,S2-391833346,ZIEX,"3538 AWALT RD, TULLAHOMA, TN",US,1.0,0.667,1.0,Entity has 8 matching records across sources with subtle typos and variations. Candidate generation must recall all branches without inducing false positives.
high_cardinality_multi_match,S1-620488247,Ziex,"3538 Awalt Road, Tullahoma, TN",US,S3-442946707,Ziex Corp,"3845 Awalt Road, Tullahoma, Tennessee",US,0.5,0.429,0.0,Entity has 8 matching records across sources with subtle typos and variations. Candidate generation must recall all branches without inducing false positives.
high_cardinality_multi_match,S1-620488247,Ziex,"3538 Awalt Road, Tullahoma, TN",US,S3-317694301,ziex,"3538 Awalt Rd, Tullahoma, Tennessee",US,1.0,0.429,1.0,Entity has 8 matching records across sources with subtle typos and variations. Candidate generation must recall all branches without inducing false positives.
similar_name_different_address,S1-458432225,Cornerstone Advanced Tavia Inc.,"1415 3rd Street, Lanham, MD",US,S3-164498846,CORNERSTONE ADVANCED TAVIA INC.,"01415 Third St, Lanham, Maryland",US,1.0,0.111,0.0,"Name is almost identical but addresses share few/no tokens (reordered components, landmark vs street, or relocations). Blocking must not discard these on low address similarity."
similar_name_different_address,S1-458432225,Cornerstone Advanced Tavia Inc.,"1415 3rd Street, Lanham, MD",US,S3-732982191,cornerstone advanced tavia inc.,"01415 Third St, Lanham, Maryland",US,1.0,0.111,0.0,"Name is almost identical but addresses share few/no tokens (reordered components, landmark vs street, or relocations). Blocking must not discard these on low address similarity."
similar_name_different_address,S1-60019158,Laborers Local 341,"5260 Kennedy Road, Clover, SC",US,S3-141620280,Laborers Local-341,"Kennedy Rd, Clvoer, South Carolina",US,1.0,0.111,0.0,"Name is almost identical but addresses share few/no tokens (reordered components, landmark vs street, or relocations). Blocking must not discard these on low address similarity."
similar_name_different_address,S1-86778868,Internal Medicine Clinic,"3197 Marie Avenue, Millcreek, UT",US,S3-662899523,Internal-Medicine Clinic,"3490 Marie Ave, Salt Lake City, Utah",US,1.0,0.091,0.0,"Name is almost identical but addresses share few/no tokens (reordered components, landmark vs street, or relocations). Blocking must not discard these on low address similarity."
similar_name_different_address,S1-645484427,Future Business Private Limited,"No.95, 1St Floor, 3Rd Cross, Mes Colony, Konena Agrahara, Hal Post, Bangalore, Karnataka",India,S3-927792983,Future Business Private,"KA, Bangalore, #95",India,0.75,0.133,0.333,"Name is almost identical but addresses share few/no tokens (reordered components, landmark vs street, or relocations). Blocking must not discard these on low address similarity."
similar_name_different_address,S1-377514948,Chatman's Premier Studios Group,"2736 Harwell Street, Claremont, NC",US,S3-336527585,Chatman's Premier Group Studios,"003099 Harwell St, Claremnt, North Carolina",US,1.0,0.1,0.0,"Name is almost identical but addresses share few/no tokens (reordered components, landmark vs street, or relocations). Blocking must not discard these on low address similarity."
similar_name_different_address,S1-328221745,Quiroz All Royalties LLC,"126 Quasar Circle, Sacramento, CA",US,S3-912163442,Quiroz All Royalties,"226 Quasar Cir, Sacrametno, California",US,0.75,0.111,0.0,"Name is almost identical but addresses share few/no tokens (reordered components, landmark vs street, or relocations). Blocking must not discard these on low address similarity."
similar_name_different_address,S1-290871100,Sga (India) Research Private Limited,"No.818/A, 8Th Floor, Manjeera Majestic Commercial, Plot No. S3, Sy. No. 1051(P), 1060(P), K, Ukatpally, Hyderabad, Telangana",India,S3-875558791,Sga Limited Research  Private (India),"#818/A, Medchal Malkajgiri, Hyderabad, Andhra Pradesh",India,1.0,0.136,0.2,"Name is almost identical but addresses share few/no tokens (reordered components, landmark vs street, or relocations). Blocking must not discard these on low address similarity."
similar_name_different_address,S1-568219440,2754 First Way Holdings,"3900 Post Loop, Unit Apt 1, Bentonville, AR",US,S3-526045309,2754 first way holdings,"1900 Post Loop, N/A, Bentonille CITY, Arkansas",US,1.0,0.143,0.0,"Name is almost identical but addresses share few/no tokens (reordered components, landmark vs street, or relocations). Blocking must not discard these on low address similarity."
similar_name_different_address,S1-154776719,X/Z Logistics LLC,"209 Davis Street, Keyser, WV",US,S3-209384416,X/Z Logistics Logistics,"Davis St, Keser, West Virginia",US,0.75,0.111,0.0,"Name is almost identical but addresses share few/no tokens (reordered components, landmark vs street, or relocations). Blocking must not discard these on low address similarity."
similar_name_different_address,S1-80477020,Keiffer Metro Metals LLC,"2434 Birch Street, Granger, IA",US,S3-813803624,The Keiffer  Metro Metals LLC,"2433 Birch St, Grannger, Iowa",US,0.8,0.111,0.0,"Name is almost identical but addresses share few/no tokens (reordered components, landmark vs street, or relocations). Blocking must not discard these on low address similarity."
similar_name_different_address,S1-57791071,CZ Prime Perfect Partners,"10405 28th Place, Beaux Arts, WA",US,S3-786347,CZ Prime Perfect Partners LP,"10405 28st Pl, N/A, Bellevue, Washington",US,0.8,0.083,1.0,"Name is almost identical but addresses share few/no tokens (reordered components, landmark vs street, or relocations). Blocking must not discard these on low address similarity."
similar_name_different_address,S1-728929757,3486 Fifth Ave Partners Care,"OK, Ardmore, 513 E Street",US,S3-439992526,3486 Fifth Ave [Partners],"E St, Ardmoer, Oklahoma",US,0.8,0.125,0.0,"Name is almost identical but addresses share few/no tokens (reordered components, landmark vs street, or relocations). Blocking must not discard these on low address similarity."
similar_name_different_address,S1-358810457,Morgan Partners,"209 Michael Boulevard, Hurst, TX",US,S3-376854364,Morgan  Partners,"209 Mihcael Blvd, Husrt, Texas",US,1.0,0.111,1.0,"Name is almost identical but addresses share few/no tokens (reordered components, landmark vs street, or relocations). Blocking must not discard these on low address similarity."
similar_name_different_address,S1-933129458,"Acosta, Ogara and Fabrizio Restaurant Bensenville","13 Main Street, Unit 36, Bensenville, IL",US,S3-330101739,"Acosta, Ogara and Fabrizio Restaurant Bensenville Ltd","Main St, Bensenvile, Illinois",US,0.857,0.1,0.0,"Name is almost identical but addresses share few/no tokens (reordered components, landmark vs street, or relocations). Blocking must not discard these on low address similarity."
