Group,Feature / Signal,Mean,Median,Std,P25,P75,P90,Pct >= 0.8,Pct >= 0.5,Pct < 0.2,Exact Match (1.0)
Overall All True Pairs,Name Token Jaccard,0.6154,0.6667,0.3295,0.5,1.0,1.0,31.75,76.8,14.83,27.84
Overall All True Pairs,Name Char 3-gram Sim,0.6099,0.6667,0.2797,0.4545,0.8095,1.0,27.23,71.45,10.45,10.81
Overall All True Pairs,Address Token Jaccard,0.5967,0.625,0.2632,0.4286,0.7826,1.0,24.39,67.42,6.53,12.47
Overall All True Pairs,Address Char 3-gram Sim,0.6493,0.6872,0.2455,0.5185,0.8261,0.9412,30.25,77.5,6.04,7.52
Overall All True Pairs,Address Digit Overlap (when present),0.7248,1.0,0.3912,0.5,1.0,1.0,63.0,77.46,17.55,62.5
Overall All True Pairs,Country Agreement Rate,1.0,1.0,0.0,1.0,1.0,1.0,100.0,100.0,0.0,100.0
Overall All True Pairs,Missing Target Address Rate,0.0431,0.0,0.203,0.0,0.0,0.0,4.31,4.31,95.69,4.31
Country: US,Name Token Jaccard,0.6729,0.6667,0.2968,0.5,1.0,1.0,36.86,82.96,8.25,32.23
Country: US,Name Char 3-gram Sim,0.6661,0.6957,0.2351,0.5,0.8333,1.0,32.04,77.36,3.39,13.69
Country: US,Address Token Jaccard,0.5545,0.5556,0.2506,0.4,0.7143,1.0,15.52,61.53,6.16,12.38
Country: US,Address Char 3-gram Sim,0.6292,0.6481,0.2277,0.5122,0.7812,0.9,22.25,77.59,5.06,7.57
Country: US,Address Digit Overlap (when present),0.697,1.0,0.4152,0.3333,1.0,1.0,62.11,74.07,21.71,62.1
Country: US,Country Agreement Rate,1.0,1.0,0.0,1.0,1.0,1.0,100.0,100.0,0.0,100.0
Country: US,Missing Target Address Rate,0.0457,0.0,0.2089,0.0,0.0,0.0,4.57,4.57,95.43,4.57
Country: India,Name Token Jaccard,0.5298,0.6,0.3562,0.2,0.75,1.0,24.12,67.63,24.64,21.29
Country: India,Name Char 3-gram Sim,0.526,0.6071,0.3173,0.3056,0.7647,0.8889,20.06,62.65,20.97,6.53
Country: India,Address Token Jaccard,0.6597,0.7143,0.2688,0.5,0.8667,1.0,37.6,76.18,7.08,12.59
Country: India,Address Char 3-gram Sim,0.6793,0.76,0.267,0.5441,0.875,0.9634,42.17,77.36,7.51,7.43
Country: India,Address Digit Overlap (when present),0.7692,1.0,0.3448,0.5,1.0,1.0,64.43,82.9,10.9,63.13
Country: India,Country Agreement Rate,1.0,1.0,0.0,1.0,1.0,1.0,100.0,100.0,0.0,100.0
Country: India,Missing Target Address Rate,0.0391,0.0,0.1939,0.0,0.0,0.0,3.91,3.91,96.09,3.91
Source: S1-S2 Pairs,Name Token Jaccard,0.6088,0.6667,0.3384,0.5,1.0,1.0,31.95,76.04,16.61,27.77
Source: S1-S2 Pairs,Name Char 3-gram Sim,0.6051,0.6667,0.29,0.4444,0.8095,1.0,27.6,71.08,11.98,11.22
Source: S1-S2 Pairs,Address Token Jaccard,0.6766,0.6957,0.2554,0.5,0.8889,1.0,35.32,80.31,4.88,18.89
Source: S1-S2 Pairs,Address Char 3-gram Sim,0.6989,0.7447,0.2398,0.587,0.8649,1.0,39.27,83.79,4.92,10.81
Source: S1-S2 Pairs,Address Digit Overlap (when present),0.7113,1.0,0.3944,0.5,1.0,1.0,60.83,77.12,18.36,60.33
Source: S1-S2 Pairs,Country Agreement Rate,1.0,1.0,0.0,1.0,1.0,1.0,100.0,100.0,0.0,100.0
Source: S1-S2 Pairs,Missing Target Address Rate,0.0434,0.0,0.2037,0.0,0.0,0.0,4.34,4.34,95.66,4.34
Source: S1-S3 Pairs,Name Token Jaccard,0.6217,0.6667,0.3208,0.5,1.0,1.0,31.55,77.53,13.15,27.91
Source: S1-S3 Pairs,Name Char 3-gram Sim,0.6143,0.6667,0.2695,0.4583,0.8065,1.0,26.88,71.81,9.0,10.44
Source: S1-S3 Pairs,Address Token Jaccard,0.5214,0.5,0.2477,0.3571,0.7,0.8462,14.08,55.26,8.08,6.42
Source: S1-S3 Pairs,Address Char 3-gram Sim,0.6025,0.6344,0.2416,0.4667,0.7778,0.8835,21.76,71.58,7.1,4.41
Source: S1-S3 Pairs,Address Digit Overlap (when present),0.7374,1.0,0.3879,0.5,1.0,1.0,65.04,77.78,16.79,64.54
Source: S1-S3 Pairs,Country Agreement Rate,1.0,1.0,0.0,1.0,1.0,1.0,100.0,100.0,0.0,100.0
Source: S1-S3 Pairs,Missing Target Address Rate,0.0428,0.0,0.2024,0.0,0.0,0.0,4.28,4.28,95.72,4.28
