source1_id,candidate_id,label,fold,probability,name_exact,name_jaccard,name_levenshtein,address_jaccard,address_levenshtein,country_match,predicted_label,error_type,source_type
S1-625184406,S2-250562706,1,2,0.0013738722334867839,0.0,0.0,0.4444444444444444,0.05,0.17647058823529416,1.0,0,False Negative,S2
S1-827122880,S3-233305147,1,3,0.00468655104601619,0.0,0.14285714285714285,0.5384615384615384,0.0,0.0,1.0,0,False Negative,S3
S1-931070977,S2-185075524,1,4,0.015445106766859043,0.0,0.0,0.6666666666666667,0.0,0.0,1.0,0,False Negative,S2
S1-932763767,S3-124479077,1,0,0.015957900545940134,0.0,0.3333333333333333,0.6206896551724138,0.0,0.0,1.0,0,False Negative,S3
S1-951159035,S2-875950440,1,0,0.01689527806997555,0.0,0.3333333333333333,0.5,0.0,0.0,1.0,0,False Negative,S2
S1-685871904,S3-740323634,1,4,0.021875210478625874,0.0,0.4,0.4705882352941176,0.0,0.0,1.0,0,False Negative,S3
S1-10028299,S3-50398053,1,2,0.02670269084652008,0.0,0.4,0.5098039215686274,0.0,0.0,1.0,0,False Negative,S3
S1-971293452,S3-968522510,1,1,0.04239204766609548,0.0,0.3333333333333333,0.6666666666666667,0.0,0.0,1.0,0,False Negative,S3
S1-118198262,S2-615813343,1,4,0.0445684234569863,0.0,0.4,0.5,0.0,0.0,1.0,0,False Negative,S2
S1-596946418,S2-675989169,1,1,0.045207335677654954,0.0,0.3333333333333333,0.7083333333333333,0.0,0.0,1.0,0,False Negative,S2
S1-607884731,S3-939516170,1,4,0.05431759746442182,0.0,0.0,0.08823529411764708,0.13333333333333333,0.1917808219178082,1.0,0,False Negative,S3
S1-641436989,S2-92430590,1,3,0.07632472311705758,0.0,0.25,0.5294117647058824,0.0,0.0,1.0,0,False Negative,S2
S1-103101914,S3-464737380,1,3,0.07868550171678793,0.0,0.3333333333333333,0.711864406779661,0.0,0.0,1.0,0,False Negative,S3
S1-620955468,S2-485392931,1,4,0.09304837022312801,0.0,0.4,0.4651162790697675,0.0,0.0,1.0,0,False Negative,S2
S1-303755060,S2-839533786,1,1,0.09811136924500084,0.0,0.3333333333333333,0.6666666666666667,0.0,0.0,1.0,0,False Negative,S2
S1-934076354,S3-991187075,1,4,0.10040478146431361,0.0,0.3333333333333333,0.8095238095238095,0.058823529411764705,0.38888888888888884,1.0,0,False Negative,S3
S1-481281376,S2-475059977,1,1,0.11825415520307382,0.0,0.16666666666666666,0.6060606060606061,0.0,0.0,1.0,0,False Negative,S2
S1-968115178,S3-631409134,1,4,0.1260765636297853,0.0,0.0,0.6190476190476191,0.07142857142857142,0.2558139534883721,1.0,0,False Negative,S3
S1-774848541,S2-880969832,1,0,0.14675279486524226,0.0,0.25,0.6666666666666667,0.0,0.0,1.0,0,False Negative,S2
S1-525970796,S2-318943995,1,3,0.16266897599379276,0.0,0.18181818181818182,0.40816326530612246,0.0,0.0,1.0,0,False Negative,S2
S1-351961485,S3-22610069,1,4,0.17410913903995837,0.0,0.0,0.16666666666666663,0.125,0.43103448275862066,1.0,0,False Negative,S3
S1-418041254,S3-431950810,1,0,0.18063584051458817,0.0,0.0,0.76,0.125,0.56,1.0,0,False Negative,S3
S1-391664892,S3-841672111,1,0,0.19214461614576778,0.0,0.0,0.09230769230769231,0.1,0.4,1.0,0,False Negative,S3
S1-931827058,S3-891428899,1,3,0.22137147829083978,0.0,0.0,0.5161290322580645,0.14285714285714285,0.4285714285714286,1.0,0,False Negative,S3
S1-453766911,S2-549387268,1,3,0.2522885690900053,0.0,0.375,0.679245283018868,0.0,0.0,1.0,0,False Negative,S2
S1-264679680,S2-192695882,0,3,0.9999330431483331,0.0,0.6,0.8301886792452831,0.5555555555555556,0.9019607843137255,1.0,1,False Positive,S2
S1-995858858,S2-184020156,0,4,0.9989449502460721,0.0,0.5555555555555556,0.7605633802816901,0.5714285714285714,0.8888888888888888,1.0,1,False Positive,S2
S1-16456176,S2-819091818,0,4,0.99883186065374,0.0,0.75,0.8108108108108109,0.5555555555555556,0.8285714285714285,1.0,1,False Positive,S2
S1-897114947,S2-403058082,0,3,0.9982835180629553,0.0,0.3333333333333333,0.6060606060606061,0.6666666666666666,0.9310344827586207,1.0,1,False Positive,S2
S1-805495186,S2-597692962,0,3,0.9979767329587825,0.0,0.6666666666666666,0.9589041095890412,0.21052631578947367,0.4285714285714286,1.0,1,False Positive,S2
S1-518197819,S2-690127271,0,3,0.997354016975443,0.0,0.6,0.7755102040816326,0.0,0.0,1.0,1,False Positive,S2
S1-815519296,S2-586792277,0,2,0.9973020050540289,0.0,0.6,0.8333333333333335,0.7142857142857143,0.96,1.0,1,False Positive,S2
S1-40930902,S2-971176262,0,4,0.9965515187637409,0.0,0.6666666666666666,0.8275862068965517,0.0,0.0,1.0,1,False Positive,S2
S1-314308289,S2-209113548,0,3,0.9957150625466505,0.0,0.0,0.19999999999999996,0.35294117647058826,0.475609756097561,1.0,1,False Positive,S2
S1-928804494,S2-163612231,0,0,0.9934570331185235,0.0,0.6,0.6666666666666667,0.0,0.0,1.0,1,False Positive,S2
S1-222734131,S2-530880857,0,0,0.9926289604013049,0.0,0.3333333333333333,0.782608695652174,0.0,0.0,1.0,1,False Positive,S2
S1-264081693,S2-252043167,0,2,0.9891603123634011,0.0,0.6,0.7462686567164178,0.0,0.0,1.0,1,False Positive,S2
S1-81604461,S2-273018349,0,2,0.9834440732578776,0.0,0.5,0.4545454545454546,0.0,0.0,1.0,1,False Positive,S2
S1-648376479,S3-87215067,1,1,0.32417157807981706,0.0,0.3333333333333333,0.5,0.0,0.0,1.0,0,False Negative,S3
S1-903379045,S2-297092754,1,3,0.3285087206481792,0.0,0.0,0.09677419354838712,0.11764705882352941,0.36170212765957444,1.0,0,False Negative,S2
S1-770249099,S2-526370516,0,1,0.9670509703917163,0.0,0.25,0.7857142857142857,0.0,0.0,1.0,1,False Positive,S2
S1-538163501,S2-832458802,1,1,0.3357415740450365,0.0,0.3333333333333333,0.7,0.0,0.0,1.0,0,False Negative,S2
S1-911423430,S3-192633493,0,2,0.962830281702023,0.0,0.0,0.11538461538461542,0.26666666666666666,0.3516483516483516,1.0,1,False Positive,S3
S1-681160793,S3-987734207,1,4,0.3469636964517236,0.0,0.3333333333333333,0.6875,0.1111111111111111,0.2978723404255319,1.0,0,False Negative,S3
S1-627390267,S2-506819121,0,1,0.9457181098028958,0.0,0.4,0.7419354838709676,0.15789473684210525,0.36708860759493667,1.0,1,False Positive,S2
S1-214118007,S2-776720587,0,1,0.9445880999120378,0.0,0.4,0.7352941176470589,0.0,0.0,1.0,1,False Positive,S2
S1-730428166,S3-300514980,1,3,0.37078056793230485,0.0,0.0,0.2222222222222222,0.15,0.25757575757575757,1.0,0,False Negative,S3
S1-359694049,S3-564723361,1,4,0.37254427713162125,0.0,0.25,0.7777777777777779,0.0,0.0,1.0,0,False Negative,S3
S1-413648762,S2-971176262,1,2,0.3850655502517687,0.0,0.6666666666666666,0.8275862068965517,0.0,0.0,1.0,0,False Negative,S2
S1-46793500,S2-479369684,0,1,0.908997206094527,0.0,0.16666666666666666,0.4615384615384615,0.2,0.33684210526315794,1.0,1,False Positive,S2
S1-585157908,S2-449916809,0,0,0.9019163167822375,0.0,0.4,0.6666666666666667,0.19047619047619047,0.64,1.0,1,False Positive,S2
S1-811121697,S2-671477516,0,0,0.8916654043895195,0.0,0.4,0.8085106382978724,0.0,0.0,1.0,1,False Positive,S2
S1-986753230,S2-866510554,0,2,0.8798229996239487,0.0,0.5,0.7083333333333333,0.0,0.0,1.0,1,False Positive,S2
S1-9455909,S3-384632970,1,3,0.42048052741011366,0.0,0.0,0.1159420289855072,0.10526315789473684,0.2695035460992907,1.0,0,False Negative,S3
S1-688389912,S2-948224847,0,0,0.8764284760978084,0.0,0.4,0.631578947368421,0.0,0.0,1.0,1,False Positive,S2
S1-727602285,S3-204655096,1,0,0.4256216577458808,0.0,0.6,0.6086956521739131,0.2,0.3655913978494624,1.0,0,False Negative,S3
S1-9455909,S3-133372803,1,3,0.42633841455032356,0.0,0.0,0.1159420289855072,0.10526315789473684,0.3829787234042554,1.0,0,False Negative,S3
S1-829743661,S3-326111194,1,0,0.43207916470652097,0.0,0.5,0.6451612903225806,0.0,0.0,1.0,0,False Negative,S3
S1-508803228,S2-366213001,0,0,0.8536521703218881,0.0,0.6666666666666666,0.896551724137931,0.0,0.2941176470588235,1.0,1,False Positive,S2
S1-533233593,S2-442878082,1,3,0.45512450914537333,0.0,0.0,0.12244897959183676,0.14285714285714285,0.30400000000000005,1.0,0,False Negative,S2
S1-296806571,S3-906475287,1,3,0.4673287647419952,0.0,0.4,0.6382978723404256,0.0,0.0,1.0,0,False Negative,S3
S1-582413421,S2-776720587,0,1,0.8256176079274177,0.0,0.4,0.6944444444444444,0.0,0.0,1.0,1,False Positive,S2
S1-734993216,S2-62602590,0,2,0.8084615145722839,0.0,0.5,0.696969696969697,0.0,0.0,1.0,1,False Positive,S2
S1-781324018,S2-667191157,1,4,0.5133386849567544,0.0,0.0,0.08108108108108103,0.11764705882352941,0.36065573770491793,1.0,0,False Negative,S2
S1-513111924,S2-179907528,1,2,0.5156458979651188,0.0,0.5,0.7777777777777779,0.0,0.0,1.0,0,False Negative,S2
S1-883281842,S2-470387998,1,2,0.5171445090900817,0.0,0.375,0.851063829787234,0.0,0.0,1.0,0,False Negative,S2
S1-837264242,S2-76961843,1,4,0.5410211325990342,0.0,0.3333333333333333,0.7027027027027026,0.0,0.0,1.0,0,False Negative,S2
S1-522792425,S3-848224126,1,0,0.5420656317641872,0.0,0.3333333333333333,0.7272727272727273,0.2,0.4324324324324324,1.0,0,False Negative,S3
S1-13355188,S3-943452243,1,0,0.5514938537458133,0.0,0.6666666666666666,0.9333333333333332,0.2,0.5813953488372092,1.0,0,False Negative,S3
S1-83647344,S3-175231511,1,2,0.556123576454358,0.0,0.6,0.7169811320754718,0.0,0.0,1.0,0,False Negative,S3
S1-825774567,S3-962279543,1,1,0.5582838105532811,0.0,0.0,0.08108108108108103,0.047619047619047616,0.24060150375939848,1.0,0,False Negative,S3
S1-540857690,S2-667191157,0,3,0.7289376958790391,0.0,0.0,0.08823529411764708,0.2,0.4444444444444444,1.0,1,False Positive,S2
S1-378731227,S2-53345568,1,3,0.5853733022868477,0.0,0.16666666666666666,0.65,0.3,0.6461538461538461,1.0,0,False Negative,S2
S1-831090227,S3-261533299,1,4,0.5883976592292236,0.0,0.2,0.5833333333333333,0.0,0.0,1.0,0,False Negative,S3
S1-96335666,S3-394091292,1,1,0.6040693374188326,0.0,0.6,0.7619047619047619,0.08695652173913043,0.3165467625899281,1.0,0,False Negative,S3
S1-495177163,S3-257624172,1,2,0.6106432568225598,0.0,0.6,0.6,0.0,0.0,1.0,0,False Negative,S3
S1-663819576,S2-92209075,1,1,0.6395268299128339,0.0,0.4,0.7142857142857143,0.0,0.0,1.0,0,False Negative,S2
S1-117744619,S2-749976610,0,0,0.6601735975286009,0.0,0.2,0.6341463414634146,0.0,0.0,0.0,1,False Positive,S2
S1-804634352,S2-710082259,1,2,0.6419225040816792,0.0,0.4,0.6896551724137931,0.0,0.0,1.0,0,False Negative,S2
S1-621700009,S2-283629490,0,0,0.6569321803454754,0.0,0.6,0.7419354838709676,0.3333333333333333,0.4672897196261683,1.0,1,False Positive,S2
