Feature,Mean,Median,Std,Min,P25,P75,Max,Zeros_Pct,Ones_Pct
name_exact,0.1072,0.0,0.3093,0.0,0.0,0.0,1.0,89.28,10.72
name_jaccard,0.4524,0.5,0.3682,0.0,0.0,0.75,1.0,26.54,18.64
name_levenshtein,0.6688,0.7407,0.2814,0.0,0.4444,0.9167,1.0,0.01,10.72
name_jaro_winkler,0.7958,0.8769,0.1998,0.0,0.6293,0.963,1.0,0.03,10.72
name_token_sort,0.6598,0.7297,0.2895,0.0,0.4068,0.9254,1.0,0.01,13.5
name_token_set,0.7173,0.8649,0.3071,0.0,0.449,1.0,1.0,0.01,30.55
name_char3_cosine,0.5492,0.6708,0.3651,0.0,0.1819,0.866,1.0,18.99,4.58
name_char4_cosine,0.5134,0.6054,0.3648,0.0,0.1231,0.8374,1.0,22.23,4.75
name_core_similarity,0.6774,0.7692,0.3162,0.0,0.3871,1.0,1.0,0.25,30.87
name_translit_similarity,0.7497,0.8718,0.2702,0.0,0.5161,1.0,1.0,0.01,33.97
address_jaccard,0.4531,0.5,0.3658,0.0,0.0,0.75,1.0,26.62,12.0
address_levenshtein,0.6295,0.6786,0.284,0.0,0.3692,0.8929,1.0,4.47,7.82
address_char3_cosine,0.5552,0.7456,0.3897,0.0,0.0609,0.8929,1.0,15.45,3.79
address_digit_overlap,0.4416,0.5,0.5861,-1.0,0.0,1.0,1.0,36.04,43.88
house_number_match,0.3673,0.0,0.7018,-1.0,0.0,1.0,1.0,37.26,49.74
postal_code_match,-0.9336,-1.0,0.3522,-1.0,-1.0,-1.0,1.0,0.44,3.1
address_exact,0.0782,0.0,0.2684,0.0,0.0,0.0,1.0,92.18,7.82
address_missing,0.0447,0.0,0.2066,0.0,0.0,0.0,1.0,95.53,4.47
country_match,0.9867,1.0,0.1147,0.0,1.0,1.0,1.0,1.33,98.67
name_length_ratio,0.8109,0.8636,0.1861,0.0513,0.7037,0.963,1.0,0.0,19.9
address_length_ratio,0.7883,0.8654,0.2368,0.0,0.7308,0.9429,1.0,4.47,10.21
name_token_count_difference,1.3456,1.0,2.4086,0.0,0.0,1.0,19.0,45.08,30.24
address_token_count_difference,2.0147,1.0,2.8955,0.0,0.0,3.0,25.0,35.88,25.59
numeric_conflict,0.2946,0.0,0.4559,0.0,0.0,1.0,1.0,70.54,29.46
name_address_similarity_product,0.2706,0.2048,0.2925,0.0,0.0,0.5,1.0,40.61,2.72
name_high_address_low,0.0192,0.0,0.1372,0.0,0.0,0.0,1.0,98.08,1.92
name_high_address_high,0.0931,0.0,0.2905,0.0,0.0,0.0,1.0,90.69,9.31
name_address_conflict,0.0119,0.0,0.1086,0.0,0.0,0.0,1.0,98.81,1.19
