pair_id,source1_id,candidate_id,s1_name,cand_name,s1_address,cand_address,name_token_sort,address_jaccard,digit_overlap,numeric_conflict,difficulty_reason
P-0000191,S1-917920018,S2-261173769,Sahyog Traders,Sahyog Tráders Center,"Surat, Gujarat, 36, Panchvati Society Near Water Tank, Surat","F 235 MAHAVEER CALYX APP NYANAPPANAHALLI, BANGALORE, Karnataka",0.778,0.0,0.0,1,High name similarity but conflicting address numbers (Branch / Different address collision)
P-0000916,S1-204552244,S2-906202555,Pediatric Dentistry Associates LLC,Pediatric Déntal Elite Care Associates L.L.C.,"Millcreek, 3510 Westwood Drive, UT","501 FIRST, GRUDON, AR",0.775,0.0,0.0,1,High name similarity but conflicting address numbers (Branch / Different address collision)
P-0000927,S1-58997889,S3-891359699,Lakshmi Care Private Limited,Lakshmi  Services Privaste Limited,"H.No.61, Basai Enclave, Part-Ii, Near Green Field Public School, Garauli Road, Railway Road, Gurgaon, Haryana","2-3 F 16 Jawarnagar, Sri Ganganagar, Sriganga Nagar, RJ",0.754,0.0,0.0,1,High name similarity but conflicting address numbers (Branch / Different address collision)
P-0001145,S1-919327680,S2-595382897,Lakshmi Services Private Limited,LAKSHMI SERVICES PRÍVATE LIMITED,"3 F 16 Jawarnagar, Sri Ganganagar, Sriganga Nagar, Rajasthan","GAT NO-528., AT POST SOLU, ALANDI MARKAL ROAD, TAL. KHED, PUNE, महाराष्ट्र",0.985,0.0,0.0,1,High name similarity but conflicting address numbers (Branch / Different address collision)
P-0001283,S1-372303053,S2-845708664,Urology Partners LLC,Urology Partners  Inc,"1916 Runnymede Road, Winston-salem, NC","6207 OCEAN FRONT AVE, VIRGINIA BEACH CITY, VA",0.9,0.0,0.0,1,High name similarity but conflicting address numbers (Branch / Different address collision)
P-0001726,S1-987648874,S2-766133907,National Air LLC,National Exchange Llc,"Silver Spring, 520 Southampton Drive, MD","7238 BENTON DR, FRANKFORT TOWNSHIP, IL",0.757,0.091,0.0,1,High name similarity but conflicting address numbers (Branch / Different address collision)
P-0001877,S1-265523897,S2-208947025,Willemsen Integrated Grayscale,Willemsen Integrated Care-Grayscale,"KY, Paducah, 4839 Reidland Road","1800 EVERGREEN STREET, WALLAW ALLA CDP, WA",0.923,0.0,0.0,1,High name similarity but conflicting address numbers (Branch / Different address collision)
P-0002079,S1-464136805,S2-127245052,"Colonial Pro, LLC",Colonial Procap LLC,"30706 98th Avenue, Battle Ground, WA","GRAYSON, KY, 755 Krestview Drive",0.889,0.0,0.0,1,High name similarity but conflicting address numbers (Branch / Different address collision)
P-0002139,S1-573137025,S2-282954444,Surya Healthcare Private Limited,SURYA PRIVATE LIMITED CENTER,"4Th, 6/77 Wea Karol Bagh, New Delhi, Central Delhi, Delhi","DOOR NO 9 LANCERS ROAD, B.D.ESTATE, दिल्ली",0.833,0.0,0.0,1,High name similarity but conflicting address numbers (Branch / Different address collision)
P-0002287,S1-929861249,S2-160784992,Willemsen Integrated Grayscale Care,Willemsen Íntegrated Grayscale Corporation,"1800 Evergreen Street, Unit B13, WA, Walla Walla","4839 REIDLAND ROAD, PADUCAH, KY",0.846,0.0,0.0,1,High name similarity but conflicting address numbers (Branch / Different address collision)
P-0002300,S1-63829897,S2-41718113,Niex Holding Company Associates,Niex  Holding Company Center,"75 Chestnut Street, Spruce Pine, NC","3017-3021 KOMENSKY AVE, CHICAGO, IL",0.828,0.0,0.0,1,High name similarity but conflicting address numbers (Branch / Different address collision)
P-0002353,S1-787349022,S2-361470693,High Builders Private Limited,High  Limited Private Care,"House No 973 Sector - 6, Karnal, Haryana, Karnal","SHOP NO - 149, VARDHMAN STAR CITY MALL SECTOR-7, DWARKA, NEW DELHI, Delhi",0.815,0.118,0.0,1,High name similarity but conflicting address numbers (Branch / Different address collision)
P-0002584,S1-318122544,S2-440563155,Machinists Union Local No 402,Machinists Union Loca1 No 156,"1000 4th Street, Moore, OK","1214 SOUTH 4TH ST, AMES, IA",0.862,0.222,0.333,0,Very high name similarity (>0.85) but ground-truth non-match
P-0002864,S1-775846076,S2-597692962,Bangalore Solutions Private Limited,Bangalore South Deing Private Limited,"No.62, First Floor, 2Nd Main Beml Layout, Rajarajeshwari Nagar, Bangalore, Karnataka","NO.189, 4TH CROSS, 4TH, MAIN, DOLLARS COLONY, BANGALORE SOUTH, ಕರ್ನಾಟಕ",0.833,0.143,0.0,1,High name similarity but conflicting address numbers (Branch / Different address collision)
P-0002962,S1-558332287,S2-294231503,Thiruvananthapuram Nath Private Limited,Thiruvananthapuram Power Private Ltd,"Plotno51 (B)Street F, St, Xaviers, Kinfra, Menamkulam, Thiruvananthapuram, Thiruvananthapuram, Trivandrum, Kerala","Kerala, BUILDING NO. 18/362-E , SILK FARM ESTATE, IRINJIYAM P.O, THANNIMOODU, NEDUMANGAD, THIRUVANANTHAPURAM, THIRUVANANTHAPURAM",0.827,0.087,0.0,1,High name similarity but conflicting address numbers (Branch / Different address collision)
P-0002963,S1-909005675,S2-314464238,Tirumalagiri Constructions Private Limited,TIRUMALAGIRI HOLDINGS PRIVATE LIMITED CENTER,"Flat No - 513, Panchavati Apartments, Kukatpally, Tirumalagiri, Hyderabad, Telangana","PLOT NO.22 & 227 PARTS, OPPO. TANISHQ JAYABHERI, TIRUMALAGIRI, Telangana",0.837,0.188,0.0,1,High name similarity but conflicting address numbers (Branch / Different address collision)
P-0002993,S1-43716243,S2-710093681,Economic Development Foundation LLC,"Economic Development Federation, L.L.C.","239 Rock Street, East Haven, CT","1040 STEPHEN LN, PMB 1570, LA GRANGE, TX",0.865,0.0,0.0,1,High name similarity but conflicting address numbers (Branch / Different address collision)
P-0003123,S1-153559765,S2-286403885,Rajpura India Private Limited,Rajpura Export Limited Private,"Rajpura, Jaipuria Sunrise Greens, Vip Road, Distt. Sas Nagar, Mohali, Punjab, N-404","Punjab, NO 220 AKS2 BABAT, ZIRAKPUR RAJPURA, MOHALI, RAJPURA",0.814,0.167,0.0,1,High name similarity but conflicting address numbers (Branch / Different address collision)
P-0003260,S1-510689595,S2-812629304,Trinity Chapel,Trinity  Cathedral,"3328 Parkwood Drive, Houston, TX","186-190 AUGUR SAINT, HAMDEN, CT",0.774,0.0,0.0,1,High name similarity but conflicting address numbers (Branch / Different address collision)
P-0003264,S1-996678252,S2-557987308,Gurgaon Services Private Limited,Gurgaon Limited Private Power,"244, 2Nd Floor, Vipul Trade Center Sohna Road, Gurgaon, Haryana","UNIT NO 136A, TOWER B3 SPAZE ITECH PAR,K SECTOR 49, GURGAON, Haryana",0.754,0.095,0.0,1,High name similarity but conflicting address numbers (Branch / Different address collision)
P-0003317,S1-86778868,S2-363999720,Internal Medicine Clinic,Internal Medicine Clinic Corporation,"3197 Marie Avenue, Millcreek, UT","878 AURORA DR, HILLSBORO, OR",0.8,0.0,0.0,1,High name similarity but conflicting address numbers (Branch / Different address collision)
P-0003542,S1-950335592,S2-372192671,"Knowles, Hart and Diaz Inc","Knowles, Hart and Diaz Inc.","Columbus, 1264 Marion Road, OH",,0.981,0.0,-1.0,0,"High name similarity but completely different address text (Same business name, different entity)"
P-0003950,S1-218398519,S2-123295283,Tech Technology Private Limited,TECH SERVICES PRIVATE LIMITED,"Bardhaman, Durgapur-13, C-2/11 Vidyasagar Pally, West Bengal, Durgapur Mc","Gujarat, #C-759 SAHAJANAND COMPLEXNR NEW MADHAVPURA MARKET STAHIBAUG, AHMEDABAD",0.767,0.05,0.0,1,High name similarity but conflicting address numbers (Branch / Different address collision)
P-0003970,S1-484196812,S2-14121486,Willow PC,Willow LLC,"158 Dublin Square Road, Unit L, Asheboro, NC","75 HIGWHAY AVENUE, CLARKSTOWN, NY",0.842,0.0,0.0,1,High name similarity but conflicting address numbers (Branch / Different address collision)
P-0004131,S1-425677254,S2-979938935,Operating Engineers Local Union 152,Operating Engineers Local,"6414 Terese Terrace, De Witt, NY","34 RURAL LN, HEMPSTEAD, NY",0.833,0.1,0.0,1,High name similarity but conflicting address numbers (Branch / Different address collision)
P-0004399,S1-204371254,S2-178433000,Mathura Consultant Private Limited,Mathura Private Cafe Limited,"47, Gopal Garh Shop.5, Chhatikara Vrindavan Road, Mathura, Uttar Pradesh","C/O BRIJESH DEEPAK SHISU MANDIR, ALIGANJ PURANI BAZAR, SHAHGANJ, उत्तर प्रदेश",0.839,0.0,0.0,0,"High name similarity but completely different address text (Same business name, different entity)"
P-0004558,S1-175961840,S2-845708664,Urology Partners,Urology Partners  Inc,"111 Orchard Avenue, Beckley, WV","6207 OCEAN FRONT AVE, VIRGINIA BEACH CITY, VA",0.889,0.083,0.0,1,High name similarity but conflicting address numbers (Branch / Different address collision)
P-0004672,S1-810248831,S3-228786449,Cat Vision Private Limited,Jai Private Limited Services,"Park View, 30/19 Attapara Lane 3Rd Floor, Flat No-8, Kolkata, Howrah, West Bengal","19/1276., Indira Nagar, Lucknow, Lucknow, UP",0.778,0.05,0.2,0,"High name similarity but completely different address text (Same business name, different entity)"
P-0005106,S1-402241052,S2-282954444,Surya Exports Private Limited,SURYA PRIVATE LIMITED CENTER,"300, 8Th Main Road C Block J P Nagar, Mysore, Karnataka","DOOR NO 9 LANCERS ROAD, B.D.ESTATE, दिल्ली",0.842,0.05,0.0,1,High name similarity but conflicting address numbers (Branch / Different address collision)
P-0005181,S1-924191378,S2-223472446,Empire Federation,Empire Federation Llc,"UT, Kaysville, 2159 Betsy's Way","8114 TAYLOR COURT, PORTLAND, OR",0.895,0.0,0.0,1,High name similarity but conflicting address numbers (Branch / Different address collision)
P-0005191,S1-597717717,S2-298392127,Golden Tech Private Limited,Foods Private Limited Service,"401-402, Nandprem, Nehru Road Vile Parle (East), Mumbai, Mumbai City, Maharashtra","DOOR NO 386 C/O SHRI JAGAN NAMDEV, JADHAV HIGANA, KHAMGAON, N/A, महाराष्ट्र",0.75,0.0,0.0,1,High name similarity but conflicting address numbers (Branch / Different address collision)
P-0005411,S1-507732665,S2-186077038,Commodities Homes Private Limited,Commodities Elabs Private,"Plot No. 9 Vikalp Khand, Gomti Nagar, Lucknow, Uttar Pradesh, Lucknow","C/O SH. NIRWAIL SINGH, HAZIPUR, SULTANPUR LODHI, KAPURTHALA, SULTANPUR LODHI, Punjab",0.759,0.0,0.0,0,"High name similarity but completely different address text (Same business name, different entity)"
P-0005525,S1-542407941,S2-584654166,Womens Health Supreme Group LLC,Womens Health Group LP,"561 Main Street, Herculaneum, MO","1595 BERRY STREET, SALEM, OR",0.83,0.111,0.0,1,High name similarity but conflicting address numbers (Branch / Different address collision)
P-0005740,S1-930982377,S2-67505679,Fortune Impex Private Limited,Fortune Private Limited Center,"Shop No 12A 384, Sector 31 Noida, Noida, Ghaziabad, Uttar Pradesh","West Bengal, NO 22 PRINCE ANWAR SHAH ROAD, MERLIN OXFORD, KOLKATA, KOLKATA",0.78,0.05,0.0,1,High name similarity but conflicting address numbers (Branch / Different address collision)
P-0005759,S1-388044650,S2-817680963,Physical Therapy Center LLC,PHYSICAL THERAPY  APEX CARE,"19332 Westfield Avenue, Tinley Park, IL","4108 CHARITY FARM CT, VIRGINIA BEACH CITY, VA",0.755,0.0,0.0,1,High name similarity but conflicting address numbers (Branch / Different address collision)
P-0005912,S1-251997827,S2-288645216,Ironworkers Union Local No 580,IRONWORKERS LOCAL UNION 710 LLC,"1211 14th Court, OR, Gresham","DUNDEE, 179 SEVENTH ST, OR",0.82,0.111,0.0,1,High name similarity but conflicting address numbers (Branch / Different address collision)
P-0006045,S1-863767767,S2-906202555,Pediatric Dentistry Classic Associates LLC,Pediatric Déntal Elite Care Associates L.L.C.,"1619 Price Street, Laredo, TX","501 FIRST, GRUDON, AR",0.773,0.0,0.0,1,High name similarity but conflicting address numbers (Branch / Different address collision)
P-0006054,S1-901548754,S2-392223811,Surya Agro Private Limited,Surya Healthcare Pggrvte Limited,"9 Lancers Road, B.D.Estate, Timarpur, Delhi","##4TH, 6/77 WEA KAROL BAGH, NEW DELHI, Delhi",0.759,0.067,0.0,1,High name similarity but conflicting address numbers (Branch / Different address collision)
P-0006084,S1-770889629,S3-220704324,Ad Books Private Limited,Arihant Fóod Private Limited,"New Delhi, Opp. Shadi Pur Depot, Central Delhi, Delhi, 2151/9A/3 New Patel Nagar","Hyderabad, తెలంగాణ, Plot No. 5",0.755,0.0,0.0,1,High name similarity but conflicting address numbers (Branch / Different address collision)
P-0006128,S1-594559549,S2-815100111,Balaji Investment Pvt Ltd,BALAJI GARMENTS LTD PVT,"510, Wing A, 5Th Floor, Carlton Towers Old Airport Road, Kodihalli, Bengaluru, Bangalore, Karnataka","BEHIND MALIYO KA DEVRA, BEDLA, UDAIPUR, Rajasthan",0.792,0.0,0.0,0,"High name similarity but completely different address text (Same business name, different entity)"
P-0006382,S1-725976256,S2-202628267,Plumbers Local Union 59,Plumbers Local,"910 Cedar Avenue, Elizabethton, TN","24620  SAVANNAH TRAIL, AL, ATHENS",0.757,0.0,0.0,1,High name similarity but conflicting address numbers (Branch / Different address collision)
P-0006432,S1-399942607,S2-177897269,Rosella Glassman Ampercap LLC,Rosella Glassman Ampercap [LLC],"3419 Frost Lane, Bismarck, ND","HALBERT ST, KILLEEN, TX",0.833,0.0,0.0,0,"High name similarity but completely different address text (Same business name, different entity)"
P-0006545,S1-745338132,S2-194074244,Congregation Chapel,CONGREGATION CÁTHEDRAL,"161 Church Lane, Cockeysville, MD","01 CAMELLIA HILLS CT, WEDDINGTON, NC",0.81,0.0,0.0,1,High name similarity but conflicting address numbers (Branch / Different address collision)
P-0006583,S1-312821269,S2-741368687,Amber,Amber,"Unit 83B, MA, Marlborough, 15 Dickenson Way","208 4TH ST, NORTH MANCHESTER, IN",1.0,0.0,0.0,1,High name similarity but conflicting address numbers (Branch / Different address collision)
P-0006768,S1-206069226,S2-146684872,Foot & Ankle Group PLLC,Foot & Ánkle Pacific Group,"2535 New York Avenue, Huntington, NY","7501-7503 TRAFALGAR CIR, HANOVER, MD",0.852,0.0,0.0,1,High name similarity but conflicting address numbers (Branch / Different address collision)
P-0006931,S1-968726233,S2-629573383,Shiva Power Private Limited,Shiva  Limited Power,"No.370, 16Th Main Road, 4Th T Block Jayanagar, Bangalore., Bangalore, Karnataka","Punjab, F 204  PHASE 8B INDL PHASE, S.A.S.NAGAR (MOHALI)",0.826,0.0,0.0,1,High name similarity but conflicting address numbers (Branch / Different address collision)
P-0007519,S1-69955581,S2-27148087,Christ Presbyterian Church,Christ Presbyerini Church Partners,"433 Robin Circle, Vacaville, CA","1641 ALTA AVE, WICHITA, KS",0.8,0.0,0.0,1,High name similarity but conflicting address numbers (Branch / Different address collision)
P-0007662,S1-166510323,S2-728093495,White Power Private Limited,White Impex Private,"611, J. B. Tower, Opp. Doordarshan Kendra, Ahmadabad City, Ahmedabad, Gujarat","JUNNAR TALUKA AUDYOGIK SANA VASAHT LTD PUNE NASHIK RD, PUNE, Maharashtra",0.783,0.0,0.0,0,"High name similarity but completely different address text (Same business name, different entity)"
P-0007695,S1-202740587,S2-716408768,Southern Foundation Private Limited,Southern Foundation Pvt Ltd.,"Dg- Ii, 149 C, Second Floor, Vikas Puri, New Delhi, West Delhi, Delhi","15/1, SOUTH TUKOGANJ, GORANI COMPOUND, Madhya Pradesh",0.857,0.0,0.0,1,High name similarity but conflicting address numbers (Branch / Different address collision)
P-0007924,S1-352410589,S2-67505679,Fortune Estate Private Limited,Fortune Private Limited Center,"Plot No.89, Shop No. 2, Nilkantheshwar Society, Sumul Dairy Road, Surat City, Surat, Gujarat","West Bengal, NO 22 PRINCE ANWAR SHAH ROAD, MERLIN OXFORD, KOLKATA, KOLKATA",0.9,0.091,0.0,1,High name similarity but conflicting address numbers (Branch / Different address collision)
P-0008337,S1-113968826,S2-639852098,Unique Tech Private Limited,Unique Infra Private  Limited,"F/203, Greenwoods Complex, Chakala, Sir M. V Road Andheri - Kurla Rd. Andheri (East)., Mumbai, Maharashtra","A-3, NEELAM HOTEL, NEAR GANPATI PLAZA, MOTI LAL ATAL ROAD, JAIPUR, Rajasthan",0.8,0.038,0.0,1,High name similarity but conflicting address numbers (Branch / Different address collision)
P-0008399,S1-299555192,S2-326284857,Interstate Center,Interstate Coittee,"123 Estate Drive, Rainsville, AL","##4214 Cr 145, ALVIN, TX",0.8,0.0,0.0,1,High name similarity but conflicting address numbers (Branch / Different address collision)
P-0008545,S1-839661205,S2-698358405,Behavioral Health Center LLC,Behavioral Health,"1402 Elliott Court, Clarksville, TN","525 1/2 HILLSIDE DRIVE, DYER, IN",0.756,0.0,0.0,1,High name similarity but conflicting address numbers (Branch / Different address collision)
P-0008635,S1-201369883,S2-361470693,High Healthcare Private Limited,High  Limited Private Care,"Etah, Gali No 1 Sringar Nagar, Etah, Uttar Pradesh","SHOP NO - 149, VARDHMAN STAR CITY MALL SECTOR-7, DWARKA, NEW DELHI, Delhi",0.893,0.053,0.0,1,High name similarity but conflicting address numbers (Branch / Different address collision)
P-0008801,S1-385468358,S2-608777173,Zephyr Arrow LLC,Zephyr Llc,"901 Nature Walk Boulevard, Huntsville, AL","638 36th St NE, CEDAR RAPIDS, IA",0.769,0.0,0.0,1,High name similarity but conflicting address numbers (Branch / Different address collision)
P-0008916,S1-122060440,S2-108572031,Mumbai Graphics Private Limited,Mumbai Equipments Private Limited,"Maharashtra, Mumbai, 105 Dr B Ambedkar Roadlalbaug, Mumbai","PLOT 509 OFFICE NO. 1 AND 2, 1ST, FLOOR, INDRARAJ BLDG., MUMBAI, महाराष्ट्र",0.781,0.045,0.0,1,High name similarity but conflicting address numbers (Branch / Different address collision)
P-0009438,S1-323893092,S3-105418995,Marketing Spec Trading Private Limited,Masterkey  Trading Private Limited,"Qtr No-H1, Bidanasi Bandha Chhaka, Mahatab Nagar Po-Tulsipur, Ps-Bidanasi, Cuttack, Orissa","Built-up Property No. K-1/202, Mohan Garden Uttam Nagar, New Delhi, West Delhi, DL",0.817,0.077,0.5,0,"High name similarity but completely different address text (Same business name, different entity)"
P-0009479,S1-607278049,S2-10469723,Beacon Inc.,Beacon LLC,"305 Collin Circle, Bloomingdale, IL","45 ENDICOTT STREET, PEABODY, MA",0.762,0.0,0.0,1,High name similarity but conflicting address numbers (Branch / Different address collision)
P-0009808,S1-527791341,S2-846535978,Cardiology United Center LLC,Cardiology Center Pllc,"8659 259, Mcdaniels, KY","7837 1700 ROAD NORTH, PONTIAC, IL",0.84,0.0,0.0,1,High name similarity but conflicting address numbers (Branch / Different address collision)
P-0010418,S1-951669795,S2-933898303,Redwood LLC,Redwood Inc,"1302 John Windrow Road, Eagleville, TN","2635 GREEN RIVER RD, EVANSVILLE, IN",0.818,0.091,0.0,1,High name similarity but conflicting address numbers (Branch / Different address collision)
P-0010445,S1-239137736,S2-828652360,Infrastructure Sumangal Enviro Private Limited,INFRASTRUCTURE CORE SERVICE PRÍVATE LIMITED,"Hno 10 Tarash Mandir Rd Vrindavan, Mathura, Uttar Pradesh","GROUND FLOOR, K M K TOWER, NO.142, K H DOUBLE ROAD, BANGALORE SOUTH, Karnataka",0.756,0.048,0.0,1,High name similarity but conflicting address numbers (Branch / Different address collision)
P-0010504,S1-692086080,S2-307690106,Tepper Equity Partners,Tepper Partners Équity Uptown,"911 Shannon Street, Bald Knob, AR","916 SHANNON STREET, BALD KNOB, AR",0.846,0.714,0.0,1,High name similarity but conflicting address numbers (Branch / Different address collision)
P-0010748,S1-736014744,S2-419489435,Electricians Local 307,Electricians P.C. 114 Local,"5893 Vista Drive, Ferndale, WA",,0.776,0.0,-1.0,0,"High name similarity but completely different address text (Same business name, different entity)"
P-0010776,S1-990954213,S2-830298850,Galaxy Gold Producer Private Limited,Galaxy Producer  Private Ltd,"Nishant Kumar, Manikpur, Dehri On Sone, Dehri, Rohtas, Bihar","DOOR NO 3RD FLOOR, NISHKU AVENUE, SWASTIK CROSS ROAD, NAVRANGPURA, AHMEDABAD, Gujarat",0.857,0.0,0.0,0,"High name similarity but completely different address text (Same business name, different entity)"
P-0011460,S1-264081337,S2-387998432,Arogya Health Private Limited,Arogya Limited Ventures Private Health,"P N 3 Rampura Veshwar Roaddhabai Ji Ki Badi Post Sisarma, Rajasthan, Udaipur","NO 52186, PRESTIGE FALCON CITY, KONANAKUNTE, BANGALORE, KARNATAKA, BANGALORE, ಕರ್ನಾಟಕ",0.866,0.0,0.0,1,High name similarity but conflicting address numbers (Branch / Different address collision)
P-0011506,S1-592024487,S2-123295283,Tech Technology Private Limited,TECH SERVICES PRIVATE LIMITED,"69 Dda Flats, Jawala Heri, Paschim Vihar, New Delhi, West Delhi, Delhi","Gujarat, #C-759 SAHAJANAND COMPLEXNR NEW MADHAVPURA MARKET STAHIBAUG, AHMEDABAD",0.767,0.053,0.0,1,High name similarity but conflicting address numbers (Branch / Different address collision)
P-0011525,S1-387650052,S2-653655357,Bison Inc,Bison LLC,"363 4351, Gilmer, TX","0617 LINCOLN ST, NEW BRITAIN, CT",0.778,0.0,0.0,1,High name similarity but conflicting address numbers (Branch / Different address collision)
P-0011847,S1-239320834,S2-400003645,Painters Local Union 634,Painters Local Union 815 Corp,"25807 Iron Gate Drive, Madison, AL","614B MOUND ST, IN, MUNCIE",0.792,0.0,0.0,1,High name similarity but conflicting address numbers (Branch / Different address collision)
P-0012189,S1-490372842,S2-817680963,Physical Therapy Group,PHYSICAL THERAPY  APEX CARE,"510 Mettabrook Drive, Swanton, OH","4108 CHARITY FARM CT, VIRGINIA BEACH CITY, VA",0.75,0.0,0.0,1,High name similarity but conflicting address numbers (Branch / Different address collision)
P-0012250,S1-954241367,S2-32895558,Memorial Initiative LLC,Memorial Initiative,"10251 5th Avenue, Countryside, IL","1150 K ST, WASHINGTON, DC",0.905,0.0,0.0,1,High name similarity but conflicting address numbers (Branch / Different address collision)
P-0012449,S1-140026915,S2-969344678,Dynamic Impex Private Limited,Dynamic Infrastructure  Private Limited,"West Bengal, Kolkata, Howrah, Hemant Basu Sarani, 2Nd Floor, Room No. 230, 21","#344 M N. 43-C RAJ NAGAR, NEAR, BRIJLAL SAHU AATA CHAKKI, INDORE, Madhya Pradesh",0.776,0.0,0.0,1,High name similarity but conflicting address numbers (Branch / Different address collision)
P-0012926,S1-6458744,S2-766133907,National Burtech LLC,National Exchange Llc,"7128 B Ambassador Road, Windsor Mill, MD","7238 BENTON DR, FRANKFORT TOWNSHIP, IL",0.78,0.0,0.0,1,High name similarity but conflicting address numbers (Branch / Different address collision)
P-0013154,S1-485617345,S2-969344678,Dynamic Infra Private Limited,Dynamic Infrastructure  Private Limited,"New No 1 Tendulkar Street, Sy No. 165 6A, Saidapet, Kanchipuram, Tamil Nadu","#344 M N. 43-C RAJ NAGAR, NEAR, BRIJLAL SAHU AATA CHAKKI, INDORE, Madhya Pradesh",0.866,0.0,0.0,1,High name similarity but conflicting address numbers (Branch / Different address collision)
P-0013181,S1-111695581,S2-639852098,Unique International Private Limited,Unique Infra Private  Limited,"C/O Sri Dipak Mandal, Vill Raghabpur, Po Panpara, Dist Nadia, Nadia, West Bengal","A-3, NEELAM HOTEL, NEAR GANPATI PLAZA, MOTI LAL ATAL ROAD, JAIPUR, Rajasthan",0.844,0.0,0.0,0,"High name similarity but completely different address text (Same business name, different entity)"
P-0013228,S1-169237822,S2-417768434,Anand Properties Private Limited,Anand Treadhrs Private Limited,"Express High Way, Manali, Madras, Tamil Nadu","H.NO 1ST FLOOR, PIRAMAL TOWER, PENINSULA CORPORATE PARK, GANPATRAO KADAM MARG, LOWER PAREL, MUMBAI, Maharashtra",0.839,0.0,0.0,0,"High name similarity but completely different address text (Same business name, different entity)"
P-0013381,S1-8298938,S2-777751614,Shree Public School,Shree Public School,"Zion Illam St. Mary'S 2Nd Street, Sembium, Chennai, Tamil Nadu, No.7, Chennai","F NO-1710, SECTOR B PKT, VASANT KUNJ, NEW DEHI, Delhi",1.0,0.045,0.0,1,High name similarity but conflicting address numbers (Branch / Different address collision)
P-0013535,S1-624693230,S2-977215798,Codee's Liberty Roofing,CODEE'S LIBERTY ROOFING CORP,"2202 Robinwood Drive, Fort Worth, TX","11248 852, GILMER, TX",0.902,0.111,0.0,1,High name similarity but conflicting address numbers (Branch / Different address collision)
P-0013655,S1-589201161,S2-235943013,Commission on Transportation,Commission Transportation (Center),"18380 Coal Heritage Road, Premier, WV","SOMERSET, 90 AMCOCK RD, TX",0.806,0.1,0.0,1,High name similarity but conflicting address numbers (Branch / Different address collision)
P-0013763,S1-262310587,S2-869054545,Straight Edge Hypnosis,Straight Pizza Edge,"150-23 78 Road, Flushing, NY","SPRING STREET, BRUNSWICK, ME",0.78,0.0,0.0,0,"High name similarity but completely different address text (Same business name, different entity)"
P-0014197,S1-883807828,S2-237482059,Tirupati Consulting Private Limited,Tirupati Sbyfa Engineering Private Limited,"217, Tirbhuvan Complex, Ishwar Nagar, Mathura Road, New Delhi, Delhi","H NO 008-3-319/8/3-2 , FLAT NO 302, 3RD FLOOR, PRASHANTHI RAM TOWERS, KHAIRATABAD, Telangana",0.753,0.0,0.0,1,High name similarity but conflicting address numbers (Branch / Different address collision)
P-0014246,S1-684028584,S2-479770402,Vertex LLC,VERTEX,"923 Ely Road, Chattanooga, TN","4004 CALLE GRANDE, HOBBS, NM",0.75,0.0,0.0,1,High name similarity but conflicting address numbers (Branch / Different address collision)
P-0014288,S1-7228712,S2-16084621,Urgent Care Group,Urgent Care,"601 Camp Circle, Birmingham, AL","745 LEXINGTON AVE, SAINT CHARLES, IL",0.786,0.0,0.0,1,High name similarity but conflicting address numbers (Branch / Different address collision)
P-0014417,S1-840399595,S2-811849183,Operating Engineers Local Union 314,OPERATING ENGINEERS LOCAL UNION 152,"34 Rural Lane, Hempstead, NY","6414 TERESE TERRACE, PMB 5902, JAMESVILLE, NY",0.943,0.091,0.0,1,High name similarity but conflicting address numbers (Branch / Different address collision)
P-0014513,S1-6120435,S2-481719154,Shiva Power Limited,Shiva Power Pnmirvate Limited,"F 204 Phase 8B Indl Phase, S.A.S.Nagar (Mohali), Rupnagar, Punjab","H.NO 370 , 16TH MAIN ROAD, 4TH T BLOCK JAYANAGAR, BANGALORE., ಕರ್ನಾಟಕ",0.792,0.0,0.0,1,High name similarity but conflicting address numbers (Branch / Different address collision)
P-0014753,S1-130854967,S2-599647444,Bricklayers Local 765,Bricklayers  Local,"4000 Alamosa Way, Unit Unit 2404A, Amherst, NY","914 40TH ST, DES MOINES, IA",0.895,0.0,0.0,1,High name similarity but conflicting address numbers (Branch / Different address collision)
P-0014770,S1-40930902,S2-971176262,Shreeji & Co,Shreeji (&),"C/O Khanna Nursing Home, Opposite Gill Petrol Pump G.T. Road, Punjab, Khanna",,0.759,0.0,-1.0,0,"High name similarity but completely different address text (Same business name, different entity)"
P-0014978,S1-868945111,S2-875155696,Buddha Services Private Limited,BUDDHA  (INDIA) PRIVATE LIMITED SERVICES,"Uttar Pradesh, 1/785, Sector J, Janakipuram, Lucknow","2ND FLOOR, KOHINOOR BUILD, TEMPLE ROAD, ERNAKULAM, Keralam",0.886,0.0,0.0,1,High name similarity but conflicting address numbers (Branch / Different address collision)
P-0015396,S1-782175877,S2-185146097,Redwood Inc,Redwood,"2635 Green River Road, Evansville, IN","1302 JHN WINDROW RD, EGLEVILLE, TN",0.778,0.091,0.0,1,High name similarity but conflicting address numbers (Branch / Different address collision)
P-0015507,S1-784959610,S2-699640550,Rossbach & Leon PLLC,Rossbach & Leon,"2220 Albans Road, Houston, TX","2241 23RD STREET PL, HICKORY, NC",0.872,0.0,0.0,1,High name similarity but conflicting address numbers (Branch / Different address collision)
P-0015543,S1-676153805,S2-113037833,Gale Hunsberger Hospital Corp,Gale Hunsberger Hospital Care LP,"Fl Floor 5, Hamburg, 25 Buffalo Street, NY","1624 COUNTRY LAKES DRIVE, NAPERVILLE, IL",0.885,0.0,0.0,1,High name similarity but conflicting address numbers (Branch / Different address collision)
P-0015665,S1-572144442,S2-751217778,"Wilbur, Ginnifer, D.O. Inc","Wilbur, Ginnifer, D.O. Corp","7475 Guthrie Street, San Bernardino, CA","26 EVERGREEN WAY, STONEHAM, ME",0.83,0.0,0.0,1,High name similarity but conflicting address numbers (Branch / Different address collision)
P-0016015,S1-409649946,S2-108313987,Shs (India) Edtech Private Limited,Jaipur Limited Private (india),"No.125/G1, Ground Floor, Beml Layout 4Th Stage, Bangalore South, Bangalore, Karnataka","4TH FLOOR, 10 DAYS HOTEL, AIRPORT PLAZA SCHEME, JAIPUR, Rajasthan",0.75,0.1,0.25,0,"High name similarity but completely different address text (Same business name, different entity)"
P-0016090,S1-805495186,S2-597692962,Bangalore South Engg Private Limited,Bangalore South Deing Private Limited,"Karnataka, No.2, Bangalore, Bangalore South, Ground Floor, 16Th Cross, Kilari Road","NO.189, 4TH CROSS, 4TH, MAIN, DOLLARS COLONY, BANGALORE SOUTH, ಕರ್ನಾಟಕ",0.959,0.211,0.0,1,High name similarity but conflicting address numbers (Branch / Different address collision)
P-0016179,S1-394121317,S2-584654166,Womens Health Group,Womens Health Group LP,"7175 Highway 100, Bon Aqua, TN","1595 BERRY STREET, SALEM, OR",0.927,0.0,0.0,1,High name similarity but conflicting address numbers (Branch / Different address collision)
P-0016293,S1-570007901,S2-27257748,Sirius,SIRIUS LLC,"2503 Washington Overlook Drive, Fort Washington, MD","105. HILLANDALE LN, MOUNT HOLLY, NC",0.75,0.0,0.0,1,High name similarity but conflicting address numbers (Branch / Different address collision)
P-0016359,S1-250284344,S2-67505679,Fortune Developers Private Limited,Fortune Private Limited Center,"Punjab, C/O Sukhjiwan Kumar So Dharam Pal Bansal Mc No.585/12, Moga, Opp. Axis Bank, Mudki Road, Baghapurana","West Bengal, NO 22 PRINCE ANWAR SHAH ROAD, MERLIN OXFORD, KOLKATA, KOLKATA",0.844,0.069,0.0,1,High name similarity but conflicting address numbers (Branch / Different address collision)
P-0016457,S1-581867733,S2-639852098,Unique It Private Limited,Unique Infra Private  Limited,"H.No.17-203/3, Srinagar Colony Nagarkurnool, Mahbubnagar, Nagarkurnool, Telangana","A-3, NEELAM HOTEL, NEAR GANPATI PLAZA, MOTI LAL ATAL ROAD, JAIPUR, Rajasthan",0.906,0.045,0.333,0,"High name similarity but completely different address text (Same business name, different entity)"
P-0016688,S1-968605051,S2-592512342,Indraya Consultancy Limited,Indraya Consultancy Pvt-Ltd,"Naldurg No. 1 Dtc 4436407, C-2220 Taluka Tuljapur Dist. Osmanabad, Osmanabad, Maharashtra",,0.852,0.0,-1.0,0,"High name similarity but completely different address text (Same business name, different entity)"
P-0017096,S1-497196151,S2-171256994,Jain Industries Pvt Ltd,Jain Construction Ltd Pvt,"A-21, Saket Colony, Adarsh Nagar, Jaipur, Rajasthan","ಕರ್ನಾಟಕ, WHITEFIELD ROAD, MAHADEVAPURA POST BANGALORE",0.75,0.0,0.0,0,"High name similarity but completely different address text (Same business name, different entity)"
P-0017296,S1-132277685,S2-614190101,Rosoft Vanguard Saratoga,Rosoft  Vanguard Saratoga,"4144 Dogwood Avenue, Broken Arrow, OK","2218 WESTMINSTER DR, TX, PEARLAND, NULL",1.0,0.0,0.0,1,High name similarity but conflicting address numbers (Branch / Different address collision)
P-0017326,S1-936824111,S2-41067682,Aurangabad Computers Private Limited,Aurangabad Aadga Private Limited,"Plot No. 96, Shatri Nagar, Aurangabad, Aurangabad, Maharashtra",,0.765,0.0,-1.0,0,"High name similarity but completely different address text (Same business name, different entity)"
P-0017363,S1-415349553,S3-590195752,All Projects Private Limited,AGM Services Private Limited,"116, 1St Floor, 19, Kg Marg, Surya Kiran Building, Connaught Place, New Delhi, Central Delhi, Delhi","X-47 Okhla Industrial Area, Phase-ii, New Delhi, South Delhi, DL",0.75,0.087,0.0,1,High name similarity but conflicting address numbers (Branch / Different address collision)
P-0017401,S1-374228375,S2-906202555,Pediatric Dental Associates LLC,Pediatric Déntal Elite Care Associates L.L.C.,"Ogden City, UT, 621 29th Street","501 FIRST, GRUDON, AR",0.805,0.0,0.0,1,High name similarity but conflicting address numbers (Branch / Different address collision)
P-0017527,S1-687535406,S2-67505679,Fortune Builders Private Limited,Fortune Private Limited Center,"Calcutta, Kolkata, 20 Marquis Street, West Bengal","West Bengal, NO 22 PRINCE ANWAR SHAH ROAD, MERLIN OXFORD, KOLKATA, KOLKATA",0.839,0.2,0.0,1,High name similarity but conflicting address numbers (Branch / Different address collision)
P-0017600,S1-40048409,S2-447023575,Vega Rio Inc,Vega Inc,"2220 30th Avenue, Minneapolis, MN","1826 FOREST AVE, KANSAS CITY, MO",0.8,0.1,0.0,1,High name similarity but conflicting address numbers (Branch / Different address collision)
P-0017636,S1-692685078,S2-181737978,Shyam Consultants Private Limited,Shyam Investment Private Ltd,"P No 8 And 11, N/P Tirumala Colony, Hyderabad, Telangana",,0.754,0.0,-1.0,0,"High name similarity but completely different address text (Same business name, different entity)"
P-0017754,S1-77028595,S2-565666769,Shiv Energy Private Limited,Shiv Human Private Límited,"313/12/1, 2Nd Floor, Above Icici Bank Khun Khun Ji Road, Near Munnu Lal Dharmsh, Ala, Chowk, Lucknow, Uttar Pradesh","കേരളം, PLOT 697 MITHUL NIVAS, INDIRA NAGAR, AMBALAKKAD, KALLEPULLY, PALAKKAD",0.815,0.0,0.0,1,High name similarity but conflicting address numbers (Branch / Different address collision)
P-0017958,S1-152149858,S2-536968551,Heda Bilbo Direct Mountain Inc,HEDA BILBO DIRECT MOUNTAIN,"1531 4th Street, City Of Superior, WI","29 WALNUT ST, FALL RIVER, MA",0.929,0.083,0.0,1,High name similarity but conflicting address numbers (Branch / Different address collision)
P-0017967,S1-601132167,S2-969344678,Dynamic Energy Private Limited,Dynamic Infrastructure  Private Limited,"Bai, Mumbai City, Mumbai, Creative Ind Premises C Soc Lt Gala No 10 Sunder Ngr Rd 2 Kalina Mum, Maharashtra","#344 M N. 43-C RAJ NAGAR, NEAR, BRIJLAL SAHU AATA CHAKKI, INDORE, Madhya Pradesh",0.765,0.03,0.0,1,High name similarity but conflicting address numbers (Branch / Different address collision)
P-0017977,S1-340896926,S2-657114549,Carl Cap Inc,Carl Cap  PLLC,"3523 Elmhurst Avenue, Spokane, WA","2340C ROCKINGHAM DR, TROY, OH",0.8,0.0,0.0,1,High name similarity but conflicting address numbers (Branch / Different address collision)
P-0018057,S1-58997889,S2-595382897,Lakshmi Care Private Limited,LAKSHMI SERVICES PRÍVATE LIMITED,"H.No.61, Basai Enclave, Part-Ii, Near Green Field Public School, Garauli Road, Railway Road, Gurgaon, Haryana","GAT NO-528., AT POST SOLU, ALANDI MARKAL ROAD, TAL. KHED, PUNE, महाराष्ट्र",0.754,0.065,0.0,1,High name similarity but conflicting address numbers (Branch / Different address collision)
P-0018245,S1-521327356,S2-566324992,Environmental Fund VI,Environmental  Service,"5795 Faith Road, Salisbury, NC","#11781 DIECKMAN LANE, AUMVILLE, OR",0.762,0.0,0.0,1,High name similarity but conflicting address numbers (Branch / Different address collision)
P-0018637,S1-523391648,S2-73750200,Delta Center,DELTA CENTER INC,"1519 Woody Road, Pearland, TX","305 Westminster Place, INDEPENDENCE, KS",0.857,0.0,0.0,1,High name similarity but conflicting address numbers (Branch / Different address collision)
P-0018659,S1-593654035,S2-134716065,Cinder LLC,Cinder LLC,"1009 460, Provo, UT","2441 GOLF VIEW CT, TOPEKA, KS",1.0,0.0,0.0,1,High name similarity but conflicting address numbers (Branch / Different address collision)
P-0018824,S1-116582163,S2-361470693,High Energy Private Limited,High  Limited Private Care,"Coimbatore, Tamil Nadu, 256/7, Poovathal Thottam, Near Nehru College Of Arts & Science, Thirumalayampalayam","SHOP NO - 149, VARDHMAN STAR CITY MALL SECTOR-7, DWARKA, NEW DELHI, Delhi",0.846,0.04,0.333,0,"High name similarity but completely different address text (Same business name, different entity)"
P-0018854,S1-34940329,S2-108572031,Mumbai Hospitalities Private Limited,Mumbai Equipments Private Limited,"Flat No 73, Floor No 6, Wing 6, Shivanand -6, Chitrakar Ketkar Marg, Near M L Dahanukar Collge Of Commerce, Vile Parle - East, Mumbai, Maharashtra","PLOT 509 OFFICE NO. 1 AND 2, 1ST, FLOOR, INDRARAJ BLDG., MUMBAI, महाराष्ट्र",0.754,0.086,0.0,1,High name similarity but conflicting address numbers (Branch / Different address collision)
P-0019043,S1-19914992,S2-595382897,Lakshmi Services Private Limited,LAKSHMI SERVICES PRÍVATE LIMITED,"907, B & C Wing, C/66, G-, Block, One Bkc, Opp. Bob, Mumbai, Maharashtra","GAT NO-528., AT POST SOLU, ALANDI MARKAL ROAD, TAL. KHED, PUNE, महाराष्ट्र",0.985,0.0,0.0,1,High name similarity but conflicting address numbers (Branch / Different address collision)
P-0019304,S1-222734131,S2-530880857,Compass LLC,Compass Inc.,"MA, Ludlow, Unit 20, 521 Center Street",,0.783,0.0,-1.0,0,"High name similarity but completely different address text (Same business name, different entity)"
P-0019387,S1-417967521,S2-440563155,Machinists Local Union 618,Machinists Union Loca1 No 156,"5420 N Highland Drive, Durham, NC","1214 SOUTH 4TH ST, AMES, IA",0.836,0.0,0.0,1,High name similarity but conflicting address numbers (Branch / Different address collision)
P-0019685,S1-24234371,S2-423068379,Education Committee,Education Cómmittee [PLLC],"335 Terry Boulevard, Islip, NY","3405 ALDRICH ROAD, MCKINNEY, TX",0.826,0.0,0.0,1,High name similarity but conflicting address numbers (Branch / Different address collision)
P-0019952,S1-491499290,S2-108572031,Mumbai Builders Private Limited,Mumbai Equipments Private Limited,"202 Amarniketan Plot No 12J B Nagar Andheri East, Mumbai, Mumbai City, Maharashtra","PLOT 509 OFFICE NO. 1 AND 2, 1ST, FLOOR, INDRARAJ BLDG., MUMBAI, महाराष्ट्र",0.844,0.12,0.0,1,High name similarity but conflicting address numbers (Branch / Different address collision)
P-0019973,S1-11347137,S2-638653989,Verrova Can PLLC,Verrova  End LLC,"Silver City, NM, 2005 Swan Street","4190 TERRAZA WAY, SIMI VLLEY TOWNSHIP, CA",0.839,0.0,0.0,1,High name similarity but conflicting address numbers (Branch / Different address collision)
P-0020282,S1-907810840,S2-971408868,Scholarship Center,Scholarship LLC Center,"OR, Springfield, 4368 Forsythia Street","516 CAPRICORN STREET, MISSION, TX",0.9,0.111,0.0,1,High name similarity but conflicting address numbers (Branch / Different address collision)
P-0020755,S1-743789700,S2-272999236,Teamsters Local Union 979,Teamsters Lócal 491,"6316 Red Spruce Dr, Louisville, KY","1301 3RD STREET, OZARK, MO",0.756,0.0,0.0,1,High name similarity but conflicting address numbers (Branch / Different address collision)
P-0020814,S1-17683652,S2-276568653,Animal Welfare Trust,ANIMAL WELFARE,"105 Chickasaw Drive, Clarksville, TN","232  GULLEY GLEN DR, GARNER CITY, NC",0.824,0.091,0.0,1,High name similarity but conflicting address numbers (Branch / Different address collision)
P-0021441,S1-798335032,S2-698358405,Behavioral Health Center,Behavioral Health,"1454 Middle Burnt Fork Road, Stevensville, MT","525 1/2 HILLSIDE DRIVE, DYER, IN",0.829,0.0,0.0,1,High name similarity but conflicting address numbers (Branch / Different address collision)
P-0021678,S1-766097167,S2-480440023,Emerson Silver LLC,Emerson Silver,"AZ, 3500 Chemehuevi Boulevard, Lake Havasu City","##55 GEORGETOWN SQUARE, EUCLID, OH",0.875,0.0,0.0,1,High name similarity but conflicting address numbers (Branch / Different address collision)
P-0021739,S1-630488273,S2-817680963,Physical Therapy Partners LLC,PHYSICAL THERAPY  APEX CARE,"15453 224th Avenue, Town Of Cleveland, WI","4108 CHARITY FARM CT, VIRGINIA BEACH CITY, VA",0.764,0.0,0.0,1,High name similarity but conflicting address numbers (Branch / Different address collision)
P-0021849,S1-9357479,S2-187622862,Jhansi India Private Limited,Jhansi Chem Pvtre Limited,"House No. 1527 C3, Near Janki Puram Civil Lines, Jhansi, Uttar Pradesh","#70 PITAMBRA ENCLAVE PITAMBRA ENCLAV, JHANSI, JHANSI, Uttar Pradesh",0.755,0.188,0.0,1,High name similarity but conflicting address numbers (Branch / Different address collision)
P-0021850,S1-673475738,S2-1578650,Szczesniak Coastal Microelectronics Corp,SZCZESNIAK COASTAL MÍCROELECTRONICS LTD.,"8318 24th Street, Lubbock, TX","8322 24TH ST, LUBBOCK, TX",0.889,0.667,0.333,0,Very high name similarity (>0.85) but ground-truth non-match
P-0022138,S1-339216348,S2-593628794,Castle Traders Private Limited,Castle  Products Private Limited,"A/P Chinchani (Wangi), G. No. 27 Tal - Kadegaon, Kadegaon, Sangli, Maharashtra","DOOR NO 7/216 FLAT NO.202, GANGOTRI APARTMENT, SWAROOP NAGAR, KRNPUR NAGAR, Uttar Pradesh",0.852,0.043,0.0,1,High name similarity but conflicting address numbers (Branch / Different address collision)
P-0022161,S1-986688783,S2-175263301,Everest L.L.C.,Everest LLC,"1300 Powell Avenue, Fort Worth, TX","3305 108ST ST, CHICAGO, IL",0.88,0.0,0.0,1,High name similarity but conflicting address numbers (Branch / Different address collision)
P-0022313,S1-90286632,S2-905123184,Vanguard,Vanguard LLC,"NC, Apex, 1204 Evian Court","5 BERRY STREET, SANDSTON, VA",0.8,0.0,0.0,1,High name similarity but conflicting address numbers (Branch / Different address collision)
P-0022562,S1-946213326,S2-175357380,Baba Management Private Limited,Baba Management Limited Services,"Home Col S 19/1/8B Pl 34/7 Nr Rahul Press Karvenagar, Pune, Maharashtra","1495/31, INDFSTRIAL AREA, RAILWAY PHATAK TO DAULTABAD WITH IN M.C AREA, SURAT NAGAR, PHASE1, Haryana",0.857,0.0,0.143,0,"High name similarity but completely different address text (Same business name, different entity)"
P-0022700,S1-115775057,S2-282954444,Surya Super Enterprises Private Limited,SURYA PRIVATE LIMITED CENTER,"Haryana, 967, Sector 21 C, Faridabad","DOOR NO 9 LANCERS ROAD, B.D.ESTATE, दिल्ली",0.806,0.0,0.0,1,High name similarity but conflicting address numbers (Branch / Different address collision)
P-0022801,S1-397097614,S3-241930630,Shree Investment Private Limited,Om Investments Pfivabte Limited,"A1/9-11 Machhodari, Varanasi, Uttar Pradesh","Mumbai, Block G-887 E-2 224-I Wing Highway, MH, Kandivali East, Park, Opp Mahindra",0.794,0.0,0.0,1,High name similarity but conflicting address numbers (Branch / Different address collision)
P-0023171,S1-268164398,S2-717944182,Delta Center,Delta Center Inc,"305 Westminster Place, Independence, KS","PEARLAND, WOODY RD, TX",0.857,0.0,0.0,0,"High name similarity but completely different address text (Same business name, different entity)"
P-0023203,S1-828597152,S2-262380805,Vega Inc,Vega Rio,"1826 Forest Avenue, Kansas City, MO","2220  30TH AVENUE, MINNEAPOLIS, MN",0.75,0.1,0.0,1,High name similarity but conflicting address numbers (Branch / Different address collision)
P-0023457,S1-445868199,S2-817680963,Physical Therapy Group Inc,PHYSICAL THERAPY  APEX CARE,"7311 Madison Commons Lane, Houston, TX","4108 CHARITY FARM CT, VIRGINIA BEACH CITY, VA",0.769,0.0,0.0,1,High name similarity but conflicting address numbers (Branch / Different address collision)
P-0023593,S1-452996320,S2-180054289,"Jarlelle Sciences, LLC",Jarlelle Waste  LLC,"6461 Fox Drive, Chanhassen, MN","01400 INDEPENDENCE BOULEVARD, ROMEOVILLE, IL",0.75,0.0,0.0,1,High name similarity but conflicting address numbers (Branch / Different address collision)
P-0023615,S1-242533264,S2-959236067,Foot & Ankle Group,FOOT + ANKLE GROUP,"225 Nautilus Drive, City Of Madison, WI","535 NEW YORK AVENUE, MELVILLE, NY",0.895,0.0,0.0,1,High name similarity but conflicting address numbers (Branch / Different address collision)
P-0023709,S1-284190942,S2-553948392,Superior Staffing Innovations LLC,SUPERIOR INNOVATIONS LLC,"4912 Autumn Knoll Court, Fort Wayne, IN","0038 ARDEN PARKWAY, JAMESTOWN CCDP, NY",0.842,0.0,0.0,1,High name similarity but conflicting address numbers (Branch / Different address collision)
P-0024063,S1-417001911,S2-920534670,Teamsters Union Local No 438,TEAMSTERS LOCAL UNION 979 INC.,"1000 Fern Street, Unit 206, Olympia, WA","KY, LOUISVILLE CDP, 6316 RED SPRUCE DR",0.759,0.0,0.0,1,High name similarity but conflicting address numbers (Branch / Different address collision)
P-0024069,S1-803001939,S2-730102078,Longshoremen Local Union 77,Longshoremen Local (58),"30 Elm Street, Old Town, ME","Fairland Rd, SILVER SPRING, MD",0.76,0.0,0.0,0,"High name similarity but completely different address text (Same business name, different entity)"
P-0024178,S1-416298906,S3-418200336,Guru Technologies Private Limited,Empire Technologies Private (Limited),"Oriental Engg. Works Sultan Ganj, P.O.-Mahendru, P.S.-Sultan, Ganj, Patna, Bihar","H.no 514 14/187-B, Chakkezhath Vallayil, Tahikattussery Cherthala, KL",0.8,0.0,0.0,0,"High name similarity but completely different address text (Same business name, different entity)"
P-0024296,S1-708313592,S2-41986027,Gorr Resolution Corp,Gorr Resolution,"1540 Tonia Loop, Round Rock, TX",,0.857,0.0,-1.0,0,"High name similarity but completely different address text (Same business name, different entity)"
P-0024447,S1-221671666,S2-67505679,Fortune Global Private Limited,Fortune Private Limited Center,"H.No. 285, Village Neemka, Bulandshahr, Uttar Pradesh","West Bengal, NO 22 PRINCE ANWAR SHAH ROAD, MERLIN OXFORD, KOLKATA, KOLKATA",0.767,0.056,0.0,1,High name similarity but conflicting address numbers (Branch / Different address collision)
P-0024560,S1-338580819,S2-511196623,Autism Assistance Guild,Autism Assistance Fund,"19 Norvel Road, Norwalk, CT","WAUKEGAN, IL, 3051 MIDLANE DR",0.889,0.0,0.0,1,High name similarity but conflicting address numbers (Branch / Different address collision)
P-0024759,S1-878285787,S2-910803059,Nagar Change Private Limited,Nagar 5ervices Private Limited,"84/37 Shankracharaya Marg Mansarovar, Jaipur, Rajasthan","NO 204 AKSHAR COMPLEX, OPP SITA TOWER SHIVRANJNI, AHMADABAD CITY, Gujarat",0.828,0.0,0.0,1,High name similarity but conflicting address numbers (Branch / Different address collision)
P-0024867,S1-123890038,S2-597692962,Bangalore Centre Private Limited,Bangalore South Deing Private Limited,"Susmitha, 2Nd Cross, Canara Bank Colony, Chikkakallasndra, Bangalore, 158/67, Karnataka, Bangalore","NO.189, 4TH CROSS, 4TH, MAIN, DOLLARS COLONY, BANGALORE SOUTH, ಕರ್ನಾಟಕ",0.812,0.15,0.0,1,High name similarity but conflicting address numbers (Branch / Different address collision)
P-0025084,S1-260215069,S2-95752075,Ocean Traders Pvt Ltd,Ocean Pvt Ltd Services,"205, Mayuri Manasa, Dutch Laout, Visakhapatnam, Andhra Pradesh","008-2-438/5, ROAD NO.4 BANJARA HILL, HYDERBAD, తెలంగాణ",0.791,0.0,0.0,1,High name similarity but conflicting address numbers (Branch / Different address collision)
P-0025141,S1-87675244,S2-91790174,Oncology Medicine of Austin,Oncology Medicine  Inc.,"5316 Menchaca Road, Austin, TX","11 9th St, ETOWAH, TN",0.816,0.0,0.0,1,High name similarity but conflicting address numbers (Branch / Different address collision)
P-0025293,S1-779003818,S2-204013146,8-Point,8-Point,"2006 Oakbrook Court, Unit 25, Reidsville, NC","WELLSPRING DRIVE, BEAR, DE",1.0,0.0,0.0,0,"High name similarity but completely different address text (Same business name, different entity)"
P-0025900,S1-319183152,S2-91790174,Oncology Medicine L.L.C.,Oncology Medicine  Inc.,"255 Sheeptown Road, Carroll County, VA","11 9th St, ETOWAH, TN",0.87,0.0,0.0,1,High name similarity but conflicting address numbers (Branch / Different address collision)
P-0025924,S1-697584021,S2-969344678,Dynamic Energy Private Limited,Dynamic Infrastructure  Private Limited,"C/O Lalwati Devi, Dilip Singh, Harnakhamaini, Arwal, Bihar","#344 M N. 43-C RAJ NAGAR, NEAR, BRIJLAL SAHU AATA CHAKKI, INDORE, Madhya Pradesh",0.765,0.043,0.0,0,"High name similarity but completely different address text (Same business name, different entity)"
P-0025982,S1-902949959,S2-846535978,Cardiology Center,Cardiology Center Pllc,"CO, 10592 E Park Mountain, Ken Caryl","7837 1700 ROAD NORTH, PONTIAC, IL",0.872,0.0,0.0,1,High name similarity but conflicting address numbers (Branch / Different address collision)
P-0026082,S1-117701554,S2-338578589,Hotel Food Private Limited,HOTEL FOUNDATION PRIVATE LIMITED,"802 Pearl Best Heights-1 Netaji Subhash Place Pitampura, Delhi, North Delhi, Delhi","C-99, FIRST FLOOR, EKTA VIHAR, JAITPUR EXTN. PART-1, NEW DELHI, DELHI, Delhi",0.862,0.095,0.333,0,"High name similarity but completely different address text (Same business name, different entity)"
P-0026090,S1-939558416,S2-562221440,Kolkata Mills Private Limited,Kolkata Enducnn Private  Limited,"12 Ho-Chi-Minh Sarani 2Nd Floor, Kolkata, Howrah, West Bengal","H.NO D/24 PARK STREET PARK CENTER, SHOP NO-27, KOLKATA, KOLKATA, KOLKATA, West Bengal",0.767,0.15,0.0,1,High name similarity but conflicting address numbers (Branch / Different address collision)
P-0026457,S1-622858045,S2-796082562,"Salter, Livingston and Dean Realty Corp","SALTER, LIVINGSTON AND DEAN REALTY REALTY","4117 11th Street, Des Moines, IA","19455 PROSPECTOR TER, OR, OREGON CITY",0.85,0.0,0.0,1,High name similarity but conflicting address numbers (Branch / Different address collision)
P-0026647,S1-853458557,S2-306916397,Guntur Capital Private Limited,guntur exports private limited,"Andhra Pradesh, Guntur, Purnima Residency, Amaravathi Road, # 201, Guntur","DOOR NO 5-37-126 , VARALAKSHMI COMPLEX, 4/18, BRODIPET, OPP.N SQUARE BUILDING, GUNTUR, Andhra Pradesh",0.833,0.136,0.0,1,High name similarity but conflicting address numbers (Branch / Different address collision)
P-0026792,S1-260734816,S2-573371136,Cultural Fund Inc.,Cultural Foundation,"5640 Giving Grace Way, TX, Houston","1601 24th Avenue, TUSCALOOSA, AL",0.811,0.0,0.0,1,High name similarity but conflicting address numbers (Branch / Different address collision)
P-0026830,S1-296672331,S2-562221440,Kolkata Business Private Limited,Kolkata Enducnn Private  Limited,"164C/2, Lake Gardens, Near Old Syndicate Bank Branch, Kolkata, Kolkata, Howrah, West Bengal","H.NO D/24 PARK STREET PARK CENTER, SHOP NO-27, KOLKATA, KOLKATA, KOLKATA, West Bengal",0.825,0.136,0.0,1,High name similarity but conflicting address numbers (Branch / Different address collision)
P-0027032,S1-326923183,S2-969344678,Dynamic Energy Private Limited,Dynamic Infrastructure  Private Limited,"Agra, 46/1070D/8A Viram Nagar Kisore Pura, Uttar Pradesh","#344 M N. 43-C RAJ NAGAR, NEAR, BRIJLAL SAHU AATA CHAKKI, INDORE, Madhya Pradesh",0.765,0.087,0.0,1,High name similarity but conflicting address numbers (Branch / Different address collision)
P-0027146,S1-132767242,S2-29533616,Better Supply Consultants LLC,Better Consultants-LLC Service,"3428 Collegiate Court, IN, Fort Wayne","2514 11TH STREET, GALENA PARK, TX",0.78,0.0,0.0,1,High name similarity but conflicting address numbers (Branch / Different address collision)
P-0027429,S1-908758233,S2-194074244,Congregation Church,CONGREGATION CÁTHEDRAL,"929 Ridge Road, Lewiston, NY","01 CAMELLIA HILLS CT, WEDDINGTON, NC",0.762,0.0,0.0,1,High name similarity but conflicting address numbers (Branch / Different address collision)
P-0027538,S1-165227765,S2-585132276,Primary Care Clinic Inc,Primary Care Clínic,"41 Welcome Street, Unit 6, Haverhill, MA","35 11TH ST, WASHINGTON, DC",0.884,0.091,0.0,1,High name similarity but conflicting address numbers (Branch / Different address collision)
P-0027563,S1-399305104,S2-108572031,Mumbai Emerging Private Limited,Mumbai Equipments Private Limited,"23, Sangeeta (Hira Niwas), Tagore Road, Santacruz (West), Mumbai, Mumbai City, Maharashtra","PLOT 509 OFFICE NO. 1 AND 2, 1ST, FLOOR, INDRARAJ BLDG., MUMBAI, महाराष्ट्र",0.844,0.038,0.0,1,High name similarity but conflicting address numbers (Branch / Different address collision)
P-0027743,S1-915931045,S2-481719154,Shiva Products Private Limited,Shiva Power Pnmirvate Limited,"132A, 2Nd Flr, Ambica Ind, Soc-2, U M Road, Bhatar, Surat, Gujarat","H.NO 370 , 16TH MAIN ROAD, 4TH T BLOCK JAYANAGAR, BANGALORE., ಕರ್ನಾಟಕ",0.78,0.038,0.0,1,High name similarity but conflicting address numbers (Branch / Different address collision)
P-0028171,S1-443267904,S2-858450668,Pink India Private Limited,PINK INDUSTRIES  GROUP PRIVATE LIMITED,"Warangal Urban, 13-65, Kondailupally Nallabelli(Mdl), Telangana, Warangal","74, T/F GAGAN VIHAR NEAR, BSES COMPLAINT OFFICE, SHAHDARA, Delhi",0.794,0.0,0.0,1,High name similarity but conflicting address numbers (Branch / Different address collision)
P-0028268,S1-634663973,S2-482596262,Crestline Inc,Crestline,"1004 Shawnee Trail, Elkview, WV","324 OSBORNE AVE, CATONSVILLE, MD",0.818,0.0,0.0,1,High name similarity but conflicting address numbers (Branch / Different address collision)
P-0028403,S1-329276806,S2-171256994,Jain Constructions Private Limited,Jain Construction Ltd Pvt,"Vill- Bibirait, P.O.- B. Narayanpur, Police Station- Bhangore, 24 Parganas So, Uth, Kolkata, Parganas South, West Bengal","ಕರ್ನಾಟಕ, WHITEFIELD ROAD, MAHADEVAPURA POST BANGALORE",0.847,0.0,0.0,0,"High name similarity but completely different address text (Same business name, different entity)"
P-0028414,S1-911466358,S2-815100111,Balaji Finance Pvt Ltd,BALAJI GARMENTS LTD PVT,"First Floor, V/4, Valar Nagar, Melur, Madurai, Tamil Nadu","BEHIND MALIYO KA DEVRA, BEDLA, UDAIPUR, Rajasthan",0.756,0.0,0.0,0,"High name similarity but completely different address text (Same business name, different entity)"
P-0029087,S1-271675443,S2-73750200,Delta Center,DELTA CENTER INC,"3515 11, Deep Run, NC","305 Westminster Place, INDEPENDENCE, KS",0.857,0.0,0.0,1,High name similarity but conflicting address numbers (Branch / Different address collision)
P-0029406,S1-615771798,S2-869054545,Straight Edge Hypnosis,Straight Pizza Edge,"Decatur, AR, 16613 Ar 102 Highway","SPRING STREET, BRUNSWICK, ME",0.78,0.0,0.0,0,"High name similarity but completely different address text (Same business name, different entity)"
P-0029570,S1-621700009,S2-562221440,Kolkata Course Private Limited,Kolkata Enducnn Private  Limited,"Kolkata, Kolkata, Howrah, Kolkata, West Bengal, 12/B Cossipore Road","H.NO D/24 PARK STREET PARK CENTER, SHOP NO-27, KOLKATA, KOLKATA, KOLKATA, West Bengal",0.82,0.176,0.0,1,High name similarity but conflicting address numbers (Branch / Different address collision)
P-0029643,S1-17199832,S2-231732832,Siddhnath Trading Private Limited,Siddhnath Private Limited  Service,"Vijayawada, Andhra Pradesh, Krishna, 29-37-100, Eluru Road Opp: Vijaya Talkies, Surya Rao Pet","PLOT NO GB 110, GADGA DHARAMPETH, VIP ROAD, NAGPUR, Maharashtra",0.758,0.042,0.0,1,High name similarity but conflicting address numbers (Branch / Different address collision)
P-0029754,S1-766468860,S2-372789171,Navi Mumbai Footwear Private Limited,Navi Mumbai C0ast Pvt. Limited,"Plot No 38, Flat 701, Tower 4, Sagar Darshan Chs, Sector 18, Nerul, Navi Mumbai, Thane, Maharashtra","F-1/C:2, SECTOR 11, NERUL, NAVI MUMBAI, Maharashtra",0.758,0.227,0.0,1,High name similarity but conflicting address numbers (Branch / Different address collision)
P-0030075,S1-572982287,S2-338230099,Gurudev (India) Construction Private Limited,Gurudev and  Brothers Private Limited,"Plot No 13 H No 8 2 293 82 Jiii 13 1St Floor Phase No. Iii, Road No.82, Jubilee Hill, Hyderabad, Telangana","C-2, PRESIDENT BANJARA, 2ND, FLR, SAGAR SOCIETY, RD NO.2, KHAIRATABAD, తెలంగాణ",0.75,0.138,0.167,0,"High name similarity but completely different address text (Same business name, different entity)"
P-0030257,S1-23121390,S2-889758236,Simpson Spade LP,Simpson Spade (LLC),"615 Bethel Road, Cornishville, KY","388 RIVERSIDE DR, EDDINGTON, ME",0.857,0.0,0.0,1,High name similarity but conflicting address numbers (Branch / Different address collision)
P-0030511,S1-450358855,S2-14121486,Willow Dome LLC,Willow LLC,"Garner, NC, 104 Fair Isle Court","75 HIGWHAY AVENUE, CLARKSTOWN, NY",0.8,0.0,0.0,1,High name similarity but conflicting address numbers (Branch / Different address collision)
P-0030673,S1-62223852,S2-696336248,Heda Bilbo Direct Mountain Inc,Heda Bílbo Direct Mountain (Inc),"929 Walnut Street, Unit 2, Fall River, MA","1531 4TH ST, CITY OF SUPERIOR, WI",0.825,0.071,0.0,1,High name similarity but conflicting address numbers (Branch / Different address collision)
P-0030754,S1-198974746,S2-440765604,Cardinal Inc,Cardinal Córp,"170 S Common Street, Unit 501, Lynn, MA","10814 TAHOE WAY, SOUTH JORDAN, UT",0.769,0.077,0.0,1,High name similarity but conflicting address numbers (Branch / Different address collision)
P-0031469,S1-953545521,S2-654163670,5-Legged Dog,5-Legged Dog,"6521 91st Place, Lubbock, TX","WA, AUBURN, 30213- 129TH AVENUE",1.0,0.0,0.0,1,High name similarity but conflicting address numbers (Branch / Different address collision)
P-0031524,S1-171618206,S2-817680963,Physical Therapy Care of Bel Air Inc,PHYSICAL THERAPY  APEX CARE,"121 Duncannon Road, Bel Air, MD","4108 CHARITY FARM CT, VIRGINIA BEACH CITY, VA",0.774,0.0,0.0,1,High name similarity but conflicting address numbers (Branch / Different address collision)
P-0031568,S1-422217931,S2-282954444,Surya Golden Enterprises Private Limited,SURYA PRIVATE LIMITED CENTER,"B 251 Grand Paradikemps Corner, Mumbai, Maharashtra","DOOR NO 9 LANCERS ROAD, B.D.ESTATE, दिल्ली",0.794,0.062,0.0,1,High name similarity but conflicting address numbers (Branch / Different address collision)
P-0031691,S1-825226270,S2-799926334,Congregation Cathedral,Congregation Chapel,"201 Camellia Hills Court, Weddington, NC","COCKEYSVILLE, 161-163 CHURCH LANE, MD",0.829,0.0,0.0,1,High name similarity but conflicting address numbers (Branch / Different address collision)
P-0031794,S1-521254993,S2-217328507,Life Healthcare Private Limited,LIFE CRUSRIBG PRIVATE LIMITED,"C/O Ketan Rajendra Mande, Dahiwad, Amalner, Amalner, Jalgaon, Maharashtra","33, DHARMANANDAN CO. OP. SOCIETY, ICCHAPORE, SURAT, ગુજરાત",0.767,0.0,0.0,0,"High name similarity but completely different address text (Same business name, different entity)"
P-0031987,S1-903198794,S2-651221144,8-Point,8-Point,"47 Wellspring Drive, Bear, DE","200 OAKBROOK COURT, REIDSVILLE, NC",1.0,0.0,0.0,1,High name similarity but conflicting address numbers (Branch / Different address collision)
P-0032023,S1-319477544,S2-481719154,Shiva Products Private Limited,Shiva Power Pnmirvate Limited,"Office No. 140, 1St Floor, Plot No. B-44 And B-44/A, Thane, Maharashtra","H.NO 370 , 16TH MAIN ROAD, 4TH T BLOCK JAYANAGAR, BANGALORE., ಕರ್ನಾಟಕ",0.78,0.04,0.0,1,High name similarity but conflicting address numbers (Branch / Different address collision)
P-0032153,S1-363314193,S2-698358405,Behavioral Health Medicine,Behavioral Health,"1453 Hollywood Road, Atlanta, GA","525 1/2 HILLSIDE DRIVE, DYER, IN",0.791,0.0,0.0,1,High name similarity but conflicting address numbers (Branch / Different address collision)
P-0032260,S1-608696735,S2-56864149,Keshava Stones Private Limited,Keshava Fund Ventures Private Limited,"Ward No.8, House No.763, Dhakad Colony Kothi No.27, Shivpuri, Madhya Pradesh","PLOT NO A-106 , H.NO 6-2, VENKATESWARA ENCLAVE, JEEDIMETLA V, SUCHITRA, RANGAREDDY, Telangana",0.806,0.04,0.0,1,High name similarity but conflicting address numbers (Branch / Different address collision)
P-0032410,S1-141265210,S2-817680963,Physical Therapy Group,PHYSICAL THERAPY  APEX CARE,"Maynard, Unit 6, 2 Oakridge Drive, MA","4108 CHARITY FARM CT, VIRGINIA BEACH CITY, VA",0.75,0.0,0.0,1,High name similarity but conflicting address numbers (Branch / Different address collision)
P-0032542,S1-741101468,S2-906202555,Pediatric Dental Desert Associates LLC,Pediatric Déntal Elite Care Associates L.L.C.,"556 Saginaw Avenue, Calumet City, IL","501 FIRST, GRUDON, AR",0.81,0.0,0.0,1,High name similarity but conflicting address numbers (Branch / Different address collision)
P-0032668,S1-865831463,S2-337376367,Harbor Art Inc,Harbor  Aimei Inc,"142 Clifton Street, Hampton City, VA","5657A SEAFIELD LANE, HOPE MILLS, NC",0.8,0.0,0.0,1,High name similarity but conflicting address numbers (Branch / Different address collision)
P-0033041,S1-815519296,S2-586792277,Elwira Salas Point LP,Elwira Salas Point Holdings,"1609 Ave K, Bay City, TX","1620 AVE K, BAY CITY, TX",0.833,0.714,0.0,1,High name similarity but conflicting address numbers (Branch / Different address collision)
P-0033209,S1-792993485,S2-828652360,Infrastructure Green Textile Limited,INFRASTRUCTURE CORE SERVICE PRÍVATE LIMITED,"Pl 609, Rs Shop 2, Sec 18, Krushna Kamal Corner, Chinchwad, Pune, Maharashtra","GROUND FLOOR, K M K TOWER, NO.142, K H DOUBLE ROAD, BANGALORE SOUTH, Karnataka",0.75,0.0,0.0,1,High name similarity but conflicting address numbers (Branch / Different address collision)
P-0033276,S1-488440596,S2-844179350,Zenith LLC,Zenith Co,"92 High Street, Rockport, MA","45 HAWTHORNE STREET, FAIRHVEN CITY, MA",0.842,0.222,0.0,1,High name similarity but conflicting address numbers (Branch / Different address collision)
P-0033467,S1-394227243,S2-108572031,Mumbai Digitech Private Limited,Mumbai Equipments Private Limited,"501, Ruby Palace, Near Filmalaya Studio Plot No. 7 Cesarroad, Amboli, Andheri West, Mumbai, Mumbai City, Maharashtra","PLOT 509 OFFICE NO. 1 AND 2, 1ST, FLOOR, INDRARAJ BLDG., MUMBAI, महाराष्ट्र",0.781,0.103,0.0,1,High name similarity but conflicting address numbers (Branch / Different address collision)
P-0033635,S1-938222310,S2-808000911,Lotus Healthcare Pvt Ltd,LOTUS APEX HEALTHCARE PVT LTD,"Maharashtra, Pune, Shrikrishna Complex, Near Kale Colony Sasane Nagar, Hadapasar, B-18, Pune","RZ-11-C-7-KH-620, POLE-14 KAILASH PURI, PALAM, NEW DELHI, दिल्ली",0.906,0.0,0.0,1,High name similarity but conflicting address numbers (Branch / Different address collision)
P-0033662,S1-75182849,S2-811849183,Operating Engineers Local Union 17,OPERATING ENGINEERS LOCAL UNION 152,"1023 Hunt Joyce Road, Madison, NC","6414 TERESE TERRACE, PMB 5902, JAMESVILLE, NY",0.957,0.0,0.0,1,High name similarity but conflicting address numbers (Branch / Different address collision)
P-0034044,S1-668526761,S2-361470693,High Impex Private Limited,High  Limited Private Care,"H.No. 10, Block A2 Savitry Enclave, Vip Road, Zirakpur, Mohali, Punjab","SHOP NO - 149, VARDHMAN STAR CITY MALL SECTOR-7, DWARKA, NEW DELHI, Delhi",0.784,0.043,0.0,1,High name similarity but conflicting address numbers (Branch / Different address collision)
P-0034235,S1-424019450,S2-97061517,"Hatch Prairie Alternative, LLC",HATCH PRAIRIE ALTERNLTIVE INC,"98 Ward Street, Boston, MA","0025116 2200ST RD, DENNISON, IL",0.881,0.0,0.0,1,High name similarity but conflicting address numbers (Branch / Different address collision)
P-0034319,S1-875525641,S2-566324992,Environmental Network,Environmental  Service,"UT, 110 100, Summit","#11781 DIECKMAN LANE, AUMVILLE, OR",0.762,0.0,0.0,1,High name similarity but conflicting address numbers (Branch / Different address collision)
P-0034821,S1-566809824,S2-730102078,Longshoremen Local Union 598,Longshoremen Local (58),"6 Everett Road, Chenango, NY","Fairland Rd, SILVER SPRING, MD",0.824,0.111,0.0,0,"High name similarity but completely different address text (Same business name, different entity)"
P-0034884,S1-428751350,S2-698358405,Behavioral Health Medicine,Behavioral Health,"Boonville, IN, 51 Rockport Road","525 1/2 HILLSIDE DRIVE, DYER, IN",0.791,0.091,0.0,1,High name similarity but conflicting address numbers (Branch / Different address collision)
P-0034961,S1-954690995,S2-331743535,Niex Holding Company Center,NIEX HOLDING COMPANY ASSOCIATES,"3017 Komensky Avenue, Chicago, IL",,0.828,0.0,-1.0,0,"High name similarity but completely different address text (Same business name, different entity)"
P-0035068,S1-688651016,S2-227109393,Lynx,Lynx,"Newhope, AR, 2662 Highway 70","416 NEW YORK COURT, WICHITA, KS",1.0,0.0,0.0,1,High name similarity but conflicting address numbers (Branch / Different address collision)
P-0035101,S1-138741291,S2-867823269,Star Consulting Private Limited,Star Consulting Ltd,"616, Aggrawal Cyber Plaza-1 Netaji Subhash Place, Pitampura, Delhi","6/65, YASHODHAN BHAVAN, NATWAR NAGAR ROAD NO.4, NEAR ISMAIL YUSUF COLLEGE, JOGESHWARI (E, AST), MUMBAI, Maharashtra",0.76,0.0,0.0,1,High name similarity but conflicting address numbers (Branch / Different address collision)
P-0035196,S1-935721255,S2-906202555,Pediatric Dentistry Associates LLC,Pediatric Déntal Elite Care Associates L.L.C.,"1938 Forest Side Lane, Charlotte, NC","501 FIRST, GRUDON, AR",0.775,0.0,0.0,1,High name similarity but conflicting address numbers (Branch / Different address collision)
P-0035346,S1-230816496,S2-905123184,Vanguard Pharma LLC,Vanguard LLC,"1737 Andrew Street, Fort Wayne, IN","5 BERRY STREET, SANDSTON, VA",0.774,0.1,0.0,1,High name similarity but conflicting address numbers (Branch / Different address collision)
P-0035494,S1-517243718,S2-707581327,"Andi Grabowski, P.A.","Andi Grabowski, P.A. Center","1726 Dressage Drive, Fairfax County, VA","12466 PARKWOOD PLACE, VICTORVILLE, CA",0.851,0.0,0.0,1,High name similarity but conflicting address numbers (Branch / Different address collision)
P-0035683,S1-175126693,S2-385737126,Navi Mumbai Industries Private Limited,Navi  Mumbai Footwaehr Private Limited,"D - 201, Ruparel Gardens Chs, Plot C3 Sector - 23, Nerul East, Navi Mumbai, Thane, Maharashtra","NO 038 , FLAT 701, TOWER 4, SAGAR DARSHAN CHS, SECTOR 18, NERUL, NAVI MUMBAI, महाराष्ट्र",0.8,0.179,0.0,1,High name similarity but conflicting address numbers (Branch / Different address collision)
P-0035871,S1-702859401,S2-906500309,Life Consulting Private Limited,Life F0ods Private Limited,"33, Gujarat, Surat, Dharmanandan Co. Op. Society, Icchapore","DOOR NO 18/1/6 SAI BABA NAGAR A JMARG NEAR TEACHERS COLONY BANDRA EAST, MUMBAI, महाराष्ट्र",0.807,0.0,0.0,1,High name similarity but conflicting address numbers (Branch / Different address collision)
P-0035904,S1-952932719,S2-602152797,Beed Finance Private Limited,Beed Kay Private Ltd,"Sai Krupa Niwas, Bhyagaya Nagar, Jogaiwadi, Ambajoai, Beed, Bid, Maharashtra","G-702, TOWER 12, ORCHID PETALS SOHNA ROAD, SECTOR- 49, GURGAON, हरियाणा",0.75,0.0,0.0,0,"High name similarity but completely different address text (Same business name, different entity)"
P-0036060,S1-508267230,S2-67505679,Fortune Engineering Private Limited,Fortune Private Limited Center,"No. 21, Mes Road Muthyal Nagar, Bangalore North, Bangalore, Karnataka","West Bengal, NO 22 PRINCE ANWAR SHAH ROAD, MERLIN OXFORD, KOLKATA, KOLKATA",0.862,0.111,0.0,1,High name similarity but conflicting address numbers (Branch / Different address collision)
P-0036093,S1-445964147,S2-565666769,Shiv Star Agro Private Limited,Shiv Human Private Límited,"F. No. 203, Tower 9Sec-66A, Sky Gardens, Mohali, Punjab, Mohali, Punjab","കേരളം, PLOT 697 MITHUL NIVAS, INDIRA NAGAR, AMBALAKKAD, KALLEPULLY, PALAKKAD",0.772,0.0,0.0,1,High name similarity but conflicting address numbers (Branch / Different address collision)
P-0036309,S1-644978390,S2-60388632,Education Committee PLLC,Education Cómmittee,"3405 Aldrich Road, Mckinney, TX","335 TERRY BLVD, HOLBROOK, NY",0.864,0.0,0.0,1,High name similarity but conflicting address numbers (Branch / Different address collision)
P-0036333,S1-970686161,S2-432895507,Ahmedabad Renewable Pvt Ltd,Ahmedabad Pvt Ltd Services,"Office No. 303, Magnifico Opp. Avlon Hotel, Nr. Auda Garden, Bodak, Dev, Ahmedabad, Gujarat","G/8/A AKASH TOWEROPP PREMC HAND NAGAR BODAKDEV VASTRAPUR, AHMEDABAD, Gujarat",0.755,0.083,0.0,1,High name similarity but conflicting address numbers (Branch / Different address collision)
P-0036481,S1-367231027,S2-156268656,First Infotech Private Limited,First Food Pvt Limited,"605-607, Shrikant Chambers, Phase I, Adj. To R. K. Studios, Sion- Trombay Roa, D, Chembur, Mumbai, Mumbai City, Maharashtra","SARVESHWARI NAGAR, BEHIND SURYA COMPLEX NAKA BY PASS, FAIZABAD, Uttar Pradesh",0.769,0.0,0.0,0,"High name similarity but completely different address text (Same business name, different entity)"
P-0036617,S1-330851545,S2-423068379,Education Committee Care,Education Cómmittee [PLLC],"2521 Fremont Street, Tacoma, WA","3405 ALDRICH ROAD, MCKINNEY, TX",0.824,0.0,0.0,1,High name similarity but conflicting address numbers (Branch / Different address collision)
P-0036759,S1-724116685,S2-595382897,Lakshmi Properties Private Limited,LAKSHMI SERVICES PRÍVATE LIMITED,"115 Orbit Industrial Estatechincholi Bunder Road Malad West Mumbai, Mumbai, Maharashtra","GAT NO-528., AT POST SOLU, ALANDI MARKAL ROAD, TAL. KHED, PUNE, महाराष्ट्र",0.866,0.04,0.0,1,High name similarity but conflicting address numbers (Branch / Different address collision)
P-0036902,S1-386471049,S2-588407742,Machinists Union Local No 156,Machinists 618 Union Local,"1214 S 4th St, Unit APT 205, Ames, IA","420 North Highland Drive, NC, DURHAM",0.873,0.0,0.0,1,High name similarity but conflicting address numbers (Branch / Different address collision)
P-0036948,S1-658425951,S2-493319953,Rosoft Vanguard Saratoga,Rosoft Vanuhard Saratoga,"2218 Westminister Drive, Pearland, TX","OK, BROKENARROW CITY, 4144 DOGWOOD AVENUE",0.958,0.0,0.0,1,High name similarity but conflicting address numbers (Branch / Different address collision)
P-0037470,S1-174165953,S2-984277796,Phulwari International Private Limited,Phulwari Foundation Prívate Limited,"C/O Renu Kumari Flat No. 402C, Shardalok Appartment, Phulwari, Patna, Bihar","SRI. SUBHASH KR.SINHA., S/O UMA SHANKAR PD, SAHYOGI MARG, EX.ROAD, KADAMKUAN, PHULWARI, Bihar",0.838,0.12,0.0,0,"High name similarity but completely different address text (Same business name, different entity)"
P-0037582,S1-547592958,S2-845708664,Urology Care,Urology Partners  Inc,"9089 Main Street, Brookfield, NY","6207 OCEAN FRONT AVE, VIRGINIA BEACH CITY, VA",0.75,0.0,0.0,1,High name similarity but conflicting address numbers (Branch / Different address collision)
P-0037584,S1-815064564,S2-716408768,Southern Food Pvt Ltd,Southern Foundation Pvt Ltd.,"Santosh Sadan, New Adarsh Society, Sanala Road, Morbi, Rajkot, Gujarat","15/1, SOUTH TUKOGANJ, GORANI COMPOUND, Madhya Pradesh",0.816,0.0,0.0,0,"High name similarity but completely different address text (Same business name, different entity)"
P-0037614,S1-591062600,S2-819718352,Vishnu Dealer Pvt Ltd,Vishnu Carpets Pvt Ltd,"Word No.6 Kantabanji, Kantabanji, Sundargarh, Orissa","PLOT NO:54, 1ST FLOOR, SURYODAYA COLONY, NEAR KAAMINENI FLYOVER, L.B.NAGAR, RANGA, REDDY, HYDERABAD, Telangana",0.791,0.045,0.0,1,High name similarity but conflicting address numbers (Branch / Different address collision)
P-0037638,S1-41872427,S2-24186152,Memorial Initiative,Memorial Initiative #78632,"1150 K Street, Unit 1306, Washington, DC","COUNTRYSIDE, 10251 FIFTH AVE, IL",0.844,0.0,0.0,1,High name similarity but conflicting address numbers (Branch / Different address collision)
P-0037644,S1-179561709,S2-108572031,Mumbai Life Private Limited,Mumbai Equipments Private Limited,"C/O Nilkanth P Mahadik, Room No. 4, Siddheshwr Chl Shastri Ngr D Mello, Compd Vakola Santacruz E, Mumbai, Maharashtra","PLOT 509 OFFICE NO. 1 AND 2, 1ST, FLOOR, INDRARAJ BLDG., MUMBAI, महाराष्ट्र",0.833,0.059,0.0,1,High name similarity but conflicting address numbers (Branch / Different address collision)
P-0037665,S1-449078966,S2-869054545,Straight Edge Nails,Straight Pizza Edge,"504 Warburton Avenue, Unit Apartment 1, Yonkers, NY","SPRING STREET, BRUNSWICK, ME",0.789,0.0,0.0,0,"High name similarity but completely different address text (Same business name, different entity)"
P-0037858,S1-647946220,S2-217328507,Life Maa Care Private Limited,LIFE CRUSRIBG PRIVATE LIMITED,"Flatno-312, Phase-1, Block1, 3Rdfloor Land Mark Appartment Mauja Kantilo Bhubaneswar Kho, Rdha, Bhubaneswar, Khordha, Orissa","33, DHARMANANDAN CO. OP. SOCIETY, ICCHAPORE, SURAT, ગુજરાત",0.793,0.0,0.0,1,High name similarity but conflicting address numbers (Branch / Different address collision)
P-0037865,S1-214119211,S2-108572031,Mumbai Exports Private Limited,Mumbai Equipments Private Limited,"14 16 Javeri, Building, Kalbadevi Road, Flr 2, Mumbai, Maharashtra, Mumbai","PLOT 509 OFFICE NO. 1 AND 2, 1ST, FLOOR, INDRARAJ BLDG., MUMBAI, महाराष्ट्र",0.857,0.182,0.2,0,Very high name similarity (>0.85) but ground-truth non-match
P-0038015,S1-297867958,S2-639852098,Unique Systems Private Limited,Unique Infra Private  Limited,"Haryana, Faridabad, A-2084 Second Floor Back Side Green Field Colony, Sector 43, Faridabad","A-3, NEELAM HOTEL, NEAR GANPATI PLAZA, MOTI LAL ATAL ROAD, JAIPUR, Rajasthan",0.759,0.04,0.0,1,High name similarity but conflicting address numbers (Branch / Different address collision)
P-0038526,S1-16456176,S2-819091818,Stephanie's Pub,Stephanie's Pub Summit,"420 Jackson Street, City Of Green Bay, WI","433 JACKSON STREET, GREEN BAY, WI",0.811,0.556,0.0,1,High name similarity but conflicting address numbers (Branch / Different address collision)
P-0038585,S1-686913759,S2-698358405,Behavioral Health Clinic,Behavioral Health,"2493 Pennwood Court, Round Lake Beach, IL","525 1/2 HILLSIDE DRIVE, DYER, IN",0.829,0.0,0.0,1,High name similarity but conflicting address numbers (Branch / Different address collision)
P-0038850,S1-811121697,S2-671477516,Mccullough Adamas Inc,Mccullough & Garcia Inc.,"623 Manvel, Chandler, OK",,0.809,0.0,-1.0,0,"High name similarity but completely different address text (Same business name, different entity)"
P-0038959,S1-320182292,S2-597692962,Bangalore It Private Limited,Bangalore South Deing Private Limited,"No 21 (Old 68), 1St Main Road, Lower Palace Orchards Vyalikaval, Bangalore, Karnataka","NO.189, 4TH CROSS, 4TH, MAIN, DOLLARS COLONY, BANGALORE SOUTH, ಕರ್ನಾಟಕ",0.831,0.136,0.0,1,High name similarity but conflicting address numbers (Branch / Different address collision)
P-0039070,S1-66929318,S2-562221440,Kolkata Agro Private Limited,Kolkata Enducnn Private  Limited,"5A Raja Raj Narayan Street, Kolkata, Calcutta, West Bengal","H.NO D/24 PARK STREET PARK CENTER, SHOP NO-27, KOLKATA, KOLKATA, KOLKATA, West Bengal",0.814,0.235,0.0,1,High name similarity but conflicting address numbers (Branch / Different address collision)
P-0039169,S1-881623693,S2-431647462,India Arc Traders Private Limited,India Limited  Construction Private Tam,"A-313, Gali No. 2 Laxman Vihar, Phase-1, Gurgaon, Haryana","GANGA JAMUNA APARTMENTS, A WING 5/503-, YARI ROAD, ANDHERI (WEST), MUMBAI, Maharashtra",0.761,0.043,0.0,1,High name similarity but conflicting address numbers (Branch / Different address collision)
P-0039524,S1-512893342,S2-906202555,Pediatric Dental Care L.L.C.,Pediatric Déntal Elite Care Associates L.L.C.,"111 Devonshire Trail, Hendersonville, TN","501 FIRST, GRUDON, AR",0.757,0.0,0.0,1,High name similarity but conflicting address numbers (Branch / Different address collision)
P-0039719,S1-974255945,S2-649687413,Venu Senior Private Limited,Venu Senior Private Límited - 3421433094,"Bc-266, Sector- 1, 2Nd Floor Salt Lake City, Kolkata, Kolkata, Howrah, West Bengal","FLAT NO : 205, YAGANTI EMERALD APARTMENT, 6TH LINE SYAMALA NAGAR, GUNTUR, Andhra Pradesh",0.794,0.0,0.0,1,High name similarity but conflicting address numbers (Branch / Different address collision)
P-0039796,S1-12673569,S2-67505679,Fortune Consultants Private Limited,Fortune Private Limited Center,"Plot No 11 Kh No6805/2005, Mahaveer Nagar Block B, Jalore, Jalor, Rajasthan","West Bengal, NO 22 PRINCE ANWAR SHAH ROAD, MERLIN OXFORD, KOLKATA, KOLKATA",0.831,0.043,0.0,1,High name similarity but conflicting address numbers (Branch / Different address collision)
P-0040041,S1-210886641,S2-597692962,Bangalore Fertilisers Private Limited,Bangalore South Deing Private Limited,"# 147/A. 2, Sai Teja Fair Bower Byrasaandra, Bangalore, Karnataka","NO.189, 4TH CROSS, 4TH, MAIN, DOLLARS COLONY, BANGALORE SOUTH, ಕರ್ನಾಟಕ",0.757,0.048,0.0,1,High name similarity but conflicting address numbers (Branch / Different address collision)
P-0040438,S1-732962515,S2-969344678,Dynamic Infra Private Limited,Dynamic Infrastructure  Private Limited,"Khasra No-1135, 1136 & 1137 Village Barula, Tehsil-Dadri, Noida, Gautam Buddha Nagar, Uttar Pradesh","#344 M N. 43-C RAJ NAGAR, NEAR, BRIJLAL SAHU AATA CHAKKI, INDORE, Madhya Pradesh",0.866,0.071,0.0,1,High name similarity but conflicting address numbers (Branch / Different address collision)
P-0040634,S1-578787370,S2-217328507,Life Foods Private Limited,LIFE CRUSRIBG PRIVATE LIMITED,"18/1/6 Sai Baba Nagar A Jmarg Near Teachers Colony Bandra East, Mumbai, Maharashtra","33, DHARMANANDAN CO. OP. SOCIETY, ICCHAPORE, SURAT, ગુજરાત",0.8,0.0,0.0,1,High name similarity but conflicting address numbers (Branch / Different address collision)
P-0041173,S1-968837263,S2-630138778,Benitez Biosciences Inc,benitez biosciences corp,"38920 9, MN, Avon","1260 COUNTY RD, PMB 6545, SHEFFIELD, MA",0.894,0.0,0.0,1,High name similarity but conflicting address numbers (Branch / Different address collision)
P-0041198,S1-727168138,S2-906202555,"Pediatric Dentistry Care Associates, LLC",Pediatric Déntal Elite Care Associates L.L.C.,"75 Morton Boulevard, Oyster Bay, NY","501 FIRST, GRUDON, AR",0.837,0.0,0.0,1,High name similarity but conflicting address numbers (Branch / Different address collision)
P-0041508,S1-591847195,S2-366906658,Ridgeline,Ridgeline LLC,"825 Myrtle Street, Staunton, IL","3301 -1205 ATLANIC AVE, VA, VRGINIA BEACH CDP",0.818,0.0,0.0,1,High name similarity but conflicting address numbers (Branch / Different address collision)
P-0041518,S1-846936348,S2-338578589,Hotel It Private Limited,HOTEL FOUNDATION PRIVATE LIMITED,"Plot No. 3, Sector 07, Pcntda, Bhosari, Pune, Maharashtra","C-99, FIRST FLOOR, EKTA VIHAR, JAITPUR EXTN. PART-1, NEW DELHI, DELHI, Delhi",0.75,0.0,0.0,1,High name similarity but conflicting address numbers (Branch / Different address collision)
P-0041620,S1-885485250,S2-851729280,Shivam Constructions,Shivam Constructions,"B. No. 12, Anthem Site, Gundlapochampalli, Medchal, Hyderabad, Telangana","BLOCK E-258 517, GROUND FLOOR, PLOT NO, 511, KRISHNA BHAVAN, MUMBAI, Maharashtra",1.0,0.048,0.0,1,High name similarity but conflicting address numbers (Branch / Different address collision)
P-0041636,S1-103703425,S2-584654166,Womens Health Group,Womens Health Group LP,"784 Oak Hollow Avenue, Vacaville, CA","1595 BERRY STREET, SALEM, OR",0.927,0.0,0.0,1,High name similarity but conflicting address numbers (Branch / Different address collision)
P-0041647,S1-770249099,S2-526370516,Smart Legato LLC,Smart Legacy,"1002 Colleen Avenue, Evansdale, IA",,0.786,0.0,-1.0,0,"High name similarity but completely different address text (Same business name, different entity)"
P-0041969,S1-588616114,S2-362118560,Lucky Book Store LLC,LUCKY BOOK STORE P.C.,"1001 Central Entrance, Duluth, MN","17722 79TH AVENUE, GLENDLE, AZ",0.78,0.0,0.0,1,High name similarity but conflicting address numbers (Branch / Different address collision)
P-0042203,S1-922675398,S2-29533616,Better Supply Consultants LLC,Better Consultants-LLC Service,"1111 Kouba Drive, Yukon, OK","2514 11TH STREET, GALENA PARK, TX",0.78,0.0,0.0,1,High name similarity but conflicting address numbers (Branch / Different address collision)
P-0042215,S1-314795590,S2-417768434,Anand Producer Private Limited,Anand Treadhrs Private Limited,"Flat No-202, Shiva Palace, Garbhu Chak, Khajpura, Phulwari, Patna, Bihar","H.NO 1ST FLOOR, PIRAMAL TOWER, PENINSULA CORPORATE PARK, GANPATRAO KADAM MARG, LOWER PAREL, MUMBAI, Maharashtra",0.833,0.038,0.0,1,High name similarity but conflicting address numbers (Branch / Different address collision)
P-0042714,S1-429935006,S2-778303983,Vaayuendra Tech Private Limited,Vaayuendra Technologies Private Limited,"H No. 24-65/35, Plot No. 35, Road No.1, Maruthi Nagar, Lothkunta, Secunderabad, Tirumalagiri, Hyderabad, Telangana","PLOT NO.35- , SUHASINI BUNGLOW, DEOGHAR HOUSING SOCIETY, CHINCHWAD, Maharashtra",0.886,0.136,0.25,0,"High name similarity but completely different address text (Same business name, different entity)"
P-0042781,S1-223344557,S2-846535978,Cardiology Group PLLC,Cardiology Center Pllc,"801 Bluerock Circle, Oakvale, WV","7837 1700 ROAD NORTH, PONTIAC, IL",0.791,0.0,0.0,1,High name similarity but conflicting address numbers (Branch / Different address collision)
P-0043136,S1-670595942,S2-208005980,Solstice LLC,Solstice LLC,"59 Red Bud Road, Chili, NY","303 MCCORD ROAD, ROUNDUP, MT",1.0,0.1,0.0,1,High name similarity but conflicting address numbers (Branch / Different address collision)
P-0043248,S1-120703157,S2-595382897,Lakshmi Solutions Private Limited,LAKSHMI SERVICES PRÍVATE LIMITED,"No.32/362, Gandhinagar, West Gudur, Gudur, Nellore, Andhra Pradesh","GAT NO-528., AT POST SOLU, ALANDI MARKAL ROAD, TAL. KHED, PUNE, महाराष्ट्र",0.818,0.042,0.0,1,High name similarity but conflicting address numbers (Branch / Different address collision)
P-0043312,S1-565232613,S2-363999720,Internal Medicine Grand Clinic Inc,Internal Medicine Clinic Corporation,"112 Lindenwood Drive, Collinsville, IL","878 AURORA DR, HILLSBORO, OR",0.829,0.111,0.0,1,High name similarity but conflicting address numbers (Branch / Different address collision)
P-0043518,S1-597677293,S2-73269197,Cinder LLC,Cinder LLC,"2441 Golf View Court, Topeka, KS","1009. 460, PROVO, UT",1.0,0.0,0.0,1,High name similarity but conflicting address numbers (Branch / Different address collision)
P-0043606,S1-727591417,S2-496567142,Dental Care LLC,Dental [Care],"601 78th Street, Birmingham, AL","185 Homestead Lane, BRUCETON MILLS, WV",0.786,0.0,0.0,1,High name similarity but conflicting address numbers (Branch / Different address collision)
P-0043684,S1-173163993,S2-32133630,Longshoremen Local 58,Longshoremen Local Union,"2133 Fairland Road, Silver Spring, MD","30- ELM STREET, OLD TOWN, ME",0.8,0.0,0.0,1,High name similarity but conflicting address numbers (Branch / Different address collision)
P-0043722,S1-234865918,S2-100085632,Quality Angel,Quality Israel,"4027 Beechwood Lane, Dallas, TX","23 DUNFORD STREET, MELVILLE CDP, NY",0.815,0.0,0.0,1,High name similarity but conflicting address numbers (Branch / Different address collision)
P-0044069,S1-992948371,S2-217328507,Life Global Private Limited,LIFE CRUSRIBG PRIVATE LIMITED,"H.No.16-11-469/29, Flat No.3, Moosarambagh, Dilsukh Nagar, Hyderabad, Telangana","33, DHARMANANDAN CO. OP. SOCIETY, ICCHAPORE, SURAT, ગુજરાત",0.786,0.0,0.0,1,High name similarity but conflicting address numbers (Branch / Different address collision)
P-0044076,S1-686327056,S2-639852098,Unique Consultants Private Limited,Unique Infra Private  Limited,"Telangana, 361, Hyderabad, Road No.8, Vivekananda Nagar, Kukatpally, Hyderabad","A-3, NEELAM HOTEL, NEAR GANPATI PLAZA, MOTI LAL ATAL ROAD, JAIPUR, Rajasthan",0.806,0.048,0.0,1,High name similarity but conflicting address numbers (Branch / Different address collision)
P-0044501,S1-560952743,S2-906018813,Millionaire Development Private Limited,MILLIONAIRE ENTERPRISES PRIVATE LÍMITED,"No.10, Y B A Building Wenlock Road, Ooty, Nilgiris, Tamil Nadu","AMIT VILLA BUNGLOW NO 125, R S C 29 SEC 3, CHARKOP, KANDIVALI - W, MUMBAI, महाराष्ट्र",0.81,0.033,0.0,1,High name similarity but conflicting address numbers (Branch / Different address collision)
P-0044818,S1-46264614,S2-597692962,Bangalore South Enterprises Private Limited,Bangalore South Deing Private Limited,"No.203/2, Ground Floor, Balaji Road, 2Nd Block, Bangalore South, Bangalore, Karnataka","NO.189, 4TH CROSS, 4TH, MAIN, DOLLARS COLONY, BANGALORE SOUTH, ಕರ್ನಾಟಕ",0.85,0.143,0.0,1,High name similarity but conflicting address numbers (Branch / Different address collision)
P-0045254,S1-689462468,S2-305873353,Pitambara Consultancy Public Limited,Pitambara Brothers Public Limited,"Flat No-404, Jaya Enclave, Above Focus Diagnosti C Dwarakapuri Colony, Punjagutta, Hyderabad, Telangana","KHATA 98, MEAN ROAD, BANK OF INDIA OBRA, OBRA, Bihar",0.783,0.0,0.0,1,High name similarity but conflicting address numbers (Branch / Different address collision)
P-0045376,S1-923979570,S2-423068379,Education Certified Committee,Education Cómmittee [PLLC],"Yuma Foothills, 11633 33rd Place, AZ","3405 ALDRICH ROAD, MCKINNEY, TX",0.75,0.0,0.0,1,High name similarity but conflicting address numbers (Branch / Different address collision)
P-0045619,S1-269808871,S2-370470598,Back Alley Tavern,Back Alley  Tavern!,"4500 College Avenue, Unit 2110A, College Park, MD","14624 JOBS-NEW PITTSBURG RD, MURRAY CITY, OH",0.971,0.0,0.0,1,High name similarity but conflicting address numbers (Branch / Different address collision)
P-0045801,S1-286092822,S2-217328507,Life Consulting Private Limited,LIFE CRUSRIBG PRIVATE LIMITED,"D - 978, Third Floor, New Friends Colony, New Delhi, South Delhi, Delhi","33, DHARMANANDAN CO. OP. SOCIETY, ICCHAPORE, SURAT, ગુજરાત",0.833,0.0,0.0,1,High name similarity but conflicting address numbers (Branch / Different address collision)
P-0045824,S1-723751752,S2-698358405,Behavioral Health Group,Behavioral Health,"8942 Michael Douglas Drive, Clarence, NY","525 1/2 HILLSIDE DRIVE, DYER, IN",0.85,0.083,0.0,1,High name similarity but conflicting address numbers (Branch / Different address collision)
P-0045939,S1-648982827,S2-608424527,Bright Coffee,Bright Cafe!,"106 Kyabram Drive, Benton, KY","CENTER TWP, OH, 39924 STATE RTE 517",0.8,0.0,0.0,1,High name similarity but conflicting address numbers (Branch / Different address collision)
P-0045981,S1-264081693,S2-252043167,Chandriya Products Private Limited,Chandriya Private Limited Service,"Flat No 89 Block B, Pkt 3, Bindapur, Uttam Nagar, New Delhi, Delhi",,0.836,0.0,-1.0,0,"High name similarity but completely different address text (Same business name, different entity)"
P-0046109,S1-748067967,S2-217328507,Life Constructions Private Limited,LIFE CRUSRIBG PRIVATE LIMITED,"1549, Raj Danga Main Road Block-Ef, Plot-54, Kolkata, Howrah, West Bengal","33, DHARMANANDAN CO. OP. SOCIETY, ICCHAPORE, SURAT, ગુજરાત",0.794,0.0,0.0,1,High name similarity but conflicting address numbers (Branch / Different address collision)
P-0046623,S1-608118219,S2-16720295,20/20 Optical LLC,20/20 OPTICAL CO,"202 Herman Lane, Boone, NC","319 SOOKEYS CREEK, PIKEVILLE, KY",0.909,0.0,0.0,1,High name similarity but conflicting address numbers (Branch / Different address collision)
P-0046809,S1-549571246,S2-946022057,Youth Network,Youth Network,"124 Oak Street, Aledo, TX","25 VIRGINIA ANGUS LN, STAUNTON, VA",1.0,0.0,0.0,1,High name similarity but conflicting address numbers (Branch / Different address collision)
P-0046849,S1-107874030,S2-376179740,Kulig Ramaco Inc,"Kulig Inc Ramaco,","7329 Richmond Highway, Fairfax County, VA","MAIDSTONE PARK RD, EAST HAMPTON, NY",0.97,0.0,0.0,0,"High name similarity but completely different address text (Same business name, different entity)"
P-0046961,S1-847744735,S2-846535978,"Cardiology Peak Center, LLC",Cardiology Center Pllc,"TX, 605 150, Whitesboro","7837 1700 ROAD NORTH, PONTIAC, IL",0.857,0.0,0.0,1,High name similarity but conflicting address numbers (Branch / Different address collision)
P-0047144,S1-443472231,S2-27154574,Summit Technologies Care,Summit Technologies,"A-19, Sector- 4, Noida, Gautam Buddha Nagar, Uttar Pradesh","204 ROCK SAINT, FALL RIVER, MA",0.884,0.0,0.0,1,High name similarity but conflicting address numbers (Branch / Different address collision)
P-0047154,S1-595584379,S2-906202555,Pediatric Continental Associates LLC,Pediatric Déntal Elite Care Associates L.L.C.,"1208 Stafford Road, Darlington, MD","501 FIRST, GRUDON, AR",0.756,0.0,0.0,1,High name similarity but conflicting address numbers (Branch / Different address collision)
P-0047592,S1-186301394,S2-998406285,Epperson Peak Rice LLC,EPPERSON PEAK RICE-GROUP,"76 Allie Cat Drive, IL, Golconda","2927-B ELLIS AVE, CANTON, OH",0.783,0.0,0.0,1,High name similarity but conflicting address numbers (Branch / Different address collision)
P-0048191,S1-854645540,S2-26203030,Thiruvananthapuram Power Private Limited,Thiruvananthapuram Infomedia Private Ltd,"Building No. 18/362-E, Silk Farm Estate, Irinjiyam P.O, Thannimoodu, Nedumangad, Thiruvananthapuram, Thiruvananthapuram, Trivandrum, Kerala","TC-27/1975(1), CKR-19, CHIRAKULAM ROAD, STATUE, THIRUVANANTHAPURAM, Keralam",0.8,0.038,0.0,1,High name similarity but conflicting address numbers (Branch / Different address collision)
P-0048232,S1-770583934,S2-338578589,Hotel Estate Private Limited,HOTEL FOUNDATION PRIVATE LIMITED,"Flno B-16, S No 47, Sree, Samarth Prasad Manaji Ngr, Pune City, Pune, Maharashtra","C-99, FIRST FLOOR, EKTA VIHAR, JAITPUR EXTN. PART-1, NEW DELHI, DELHI, Delhi",0.8,0.0,0.0,1,High name similarity but conflicting address numbers (Branch / Different address collision)
P-0048598,S1-779071666,S2-698358405,Behavioral Health Group,Behavioral Health,"16 Mapledale Avenue, Fl 0, Glen Burnie, MD","525 1/2 HILLSIDE DRIVE, DYER, IN",0.85,0.0,0.0,1,High name similarity but conflicting address numbers (Branch / Different address collision)
P-0049068,S1-769017555,S3-471324702,Aditya Consultants Private Limited,Ss Consultants Traders Private Limited,"5 Celler, Ahmedabad, Sumtinath Complex, Opp. Kothawala Flat, Pritamnagar, Ellisbridge, Ahmedabad, Gujarat","No ##77 Ground Floor, Bhilwara, राजस्थान",0.75,0.0,0.0,1,High name similarity but conflicting address numbers (Branch / Different address collision)
P-0049204,S1-161339091,S2-122812778,Carpenters Local 841,Carpenters Lhcal 557,"TX, 100 Nueva Drive, Brady","3247 TALMAN AVE, CHICAGO CITY, IL",0.8,0.0,0.0,1,High name similarity but conflicting address numbers (Branch / Different address collision)
P-0049419,S1-251742644,S2-817680963,Physical Therapy Care Associates,PHYSICAL THERAPY  APEX CARE,"W5640 N Shore Drive, Town Of Germantown, WI","4108 CHARITY FARM CT, VIRGINIA BEACH CITY, VA",0.828,0.0,0.0,1,High name similarity but conflicting address numbers (Branch / Different address collision)
P-0049568,S1-142523012,S2-91790174,Oncology Medicine LLC,Oncology Medicine  Inc.,"55 Fulton Street, Hampton City, VA","11 9th St, ETOWAH, TN",0.884,0.1,0.0,1,High name similarity but conflicting address numbers (Branch / Different address collision)
P-0049955,S1-764770756,S2-219255375,Esteem Traders Private Limited,Esteem  Tech Private Limited,"Tiruvallur, Tamil Nadu, Ambattur, Adinath Nagar, Plot No. 198","A-44A, GROUND FLOOR, BEHIND MC DONALD, SECTOR 16, NOIDA, NOIDA, उत्तर प्रदेश",0.877,0.0,0.0,1,High name similarity but conflicting address numbers (Branch / Different address collision)
P-0050134,S1-760608209,S2-365572475,Chiropractic Partners Inc,CHIROPRACTIC RNIBDE CLINIC,"2350 Griffin Creek Road, Fl 1, Medford, OR","235 ARMADILLO ST, DUNKIRK CITY, NY",0.784,0.0,0.0,1,High name similarity but conflicting address numbers (Branch / Different address collision)
P-0050376,S1-138782299,S2-588726178,Bhavishya Brothers Private Limited,Bhavishya  Farm Private Ltd,"1176/C, 2Nd Main, Sbm Colony, Aravindanagar, Mysore, Karnataka","HOUSE NO.829, OM BUNGLOW, MAITRI PARK P. D. PATIL NAGAR, VAKHAN ROAD, KARAD, Maharashtra",0.767,0.0,0.0,1,High name similarity but conflicting address numbers (Branch / Different address collision)
P-0050384,S1-56714475,S2-905912967,Baptist Church,baptist direct church,"4710 Henry Avenue, Hammond, IN","839 ENOLA STREET, MC LEANCDP, VA",0.8,0.0,0.0,1,High name similarity but conflicting address numbers (Branch / Different address collision)
