raw_name,normalized_name,core_name,transliterated_name,raw_address,normalized_address,numbers,postal_code
Orelee's Barbershop,orelees barbershop,orelees barbershop,orelees barbershop,"1795 Westchester Drive, High Point, NC",1795 westchester drive high point nc,1795,
Callicoat & Dailey Inc,callicoat and dailey inc,callicoat and dailey,callicoat and dailey inc,"Charlotte, NC, 833 Reliance Street",charlotte nc 833 reliance street,833,
Foot & Ankle Allied Center LLC,foot and ankle allied center llc,foot and ankle allied center,foot and ankle allied center llc,"1216 Preston Avenue, Charlottesville City, VA",1216 preston avenue charlottesville city va,1216,
Siobhan's Bike Shop LLC,siobhans bike shop llc,siobhans bike shop,siobhans bike shop llc,"1644 Crownsville Road, Fl 0, Crownsville, MD",1644 crownsville road floor 0 crownsville md,"1644, 0",
Foot & Ankle Patriot Group,foot and ankle patriot group,foot and ankle patriot group,foot and ankle patriot group,"325 Cross Street, Unit LOT 1A, Anderson, IN",325 cross street unit lot 1a anderson in,325,
Abhushan & Brothers Co,abhushan and brothers co,abhushan and brothers,abhushan and brothers co,"Hig 28 1St Floor Indra Nagar, Kanpur, Uttar Pradesh",hig 28 1st floor indra nagar kanpur uttar pradesh,28,
B+ Retail Inc,b retail inc,b retail,b retail inc,"1712 Montebello Avenue, Phoenix, AZ",1712 montebello avenue phoenix az,1712,
Custom Wealth Services LLC,custom wealth services llc,custom wealth services,custom wealth services llc,"OH, Columbus, 5559 Orville Avenue",oh columbus 5559 orville avenue,5559,
Moore Bitwise Inc,moore bitwise inc,moore bitwise,moore bitwise inc,"337 Oakland Avenue, Michigan City, IN",337 oakland avenue michigan city in,337,
"Kelly Advisory, Inc",kelly advisory inc,kelly advisory,kelly advisory inc,"301 1st Street, Chokio, MN",301 1st street chokio mn,301,
Scott Eagle Inc,scott eagle inc,scott eagle,scott eagle inc,"4828 Hedges Avenue, Kansas City, MO",4828 hedges avenue kansas city mo,4828,
Helios,helios,helios,helios,"66 Edgewood Street, Bridgeport, CT",66 edgewood street bridgeport court,66,
Blue Steels Limited,blue steels ltd,blue steels,blue steels limited,"12, Floor 2, Plot-750, 20, Satnam Nagar, Dr G D Marg, Mumbai, Maharashtra",12 floor 2 plot 750 20 satnam nagar drive g d marg mumbai maharashtra,"12, 2, 750, 20",
Jawan Investment Pvt Ltd,jawan investment pvt ltd,jawan investment,jawan investment pvt ltd,"C 87 88 Cst Rd Kismat Nagar Kurla W Nr Masjid Mumbai, Mumbai, Mumbai City, Maharashtra",c 87 88 cst road kismat nagar kurla w near masjid mumbai mumbai mumbai city maharashtra,"87, 88",
Bright Consultancy,bright consultancy,bright consultancy,bright consultancy,"Maharashtra, Mumbai City, Shop No. A/17 Gaurav Annex Nr. Mandvi Co.-Op. Bank. R. R. T. Rd., Mumbai, M, Ulund West",maharashtra mumbai city shop no a 17 gaurav annex near mandvi co op bank r r t road mumbai m ulund west,17,
Urban Tech,urban tech,urban tech,urban tech,"Calcutta, 71 B R B Basu Rd, West Bengal, Kolkata",calcutta 71 b r b basu road west bengal kolkata,71,
Dahlen Direct Muniyield,dahlen direct muniyield,dahlen direct muniyield,dahlen direct muniyield,"215 Victoria Road, Hartford, CT",215 victoria road hartford court,215,
Consulting Nyasa Nursing Private Limited,consulting nyasa nursing pvt ltd,consulting nyasa nursing,consulting nyasa nursing private limited,"2505, Tower 1, Oakwood, Runwal Greens, Mulund Goreagon Link Road, Near Fortis Hospital, Bhandup West, Mumbai, Maharashtra",2505 tower 1 oakwood runwal greens mulund goreagon link road near fortis hospital bhandup west mumbai maharashtra,"2505, 1",
Nexus Anchor Rain,nexus anchor rain,nexus anchor rain,nexus anchor rain,"1111 Church Street, Unit 2007, Nashville, TN",1111 church street unit 2007 nashville tn,"1111, 2007",
Dermatology Green Medicine,dermatology green medicine,dermatology green medicine,dermatology green medicine,"294 Meadowcreek Drive, Unit Unit 2, Village Of Pewaukee, WI",294 meadowcreek drive unit unit 2 village of pewaukee wi,"294, 2",
Dream Construction Limited,dream construction ltd,dream construction,dream construction limited,"H.No.16-11-23/37/A, 2Nd Floor, Flat No.207, Sagar Hotel Building, Opp.Rta Office, Mo, Osarambagh, Hyderabad, Telangana",h no 16 11 23 37 a 2nd floor flat no 207 sagar hotel building opposite rta office mo osarambagh hyderabad telangana,"16, 11, 23, 37, 207",
Unified Choice Dynamix,unified choice dynamix,unified choice dynamix,unified choice dynamix,"Unit BUILDING 3030, MD, 2701 Eastern Boulevard, Middle River",unit building 3030 md 2701 eastern boulevard middle river,"3030, 2701",
Smart Healthcare Private Limited,smart healthcare pvt ltd,smart healthcare,smart healthcare private limited,"303, 3Rd Floor Sakar 5 B/H Natraj Cinema Ashram Road, Ahmedabad, Gujarat",303 3rd floor sakar 5 b h natraj cinema ashram road ahmedabad gujarat,"303, 5",
राम मार्केटिंग प्राइवेट लिमिटेड,राम मार्केटिंग pvt ltd,राम मार्केटिंग,ram marketimg praivet limited,"KH NO. -570/13, NEW DELHI, WEST DELHI, Delhi",kh no 570 13 new delhi west delhi delhi,"570, 13",
आदित्य प्रॉपर्टीज एलएलपी,आदित्य प्रॉपर्टीज llp,आदित्य प्रॉपर्टीज,adity proprtij elelpi,"G-3/571, GULMOHAR COLONY, BHOPAL, Madhya Pradesh",g 3 571 gulmohar colony bhopal madhya pradesh,"3, 571",
सन कंस्ट्रक्शंस प्राइवेट लिमिटेड,सन कंस्ट्रक्शंस pvt ltd,सन कंस्ट्रक्शंस,sn kmstrksms praivet limited,"43 SUKH SAMRUDDHI, Maharashtra, PUNE REGION, PUNE, BUNGALOW NO. 5, S. NO. 5, VIDISHA SOCIETY, KARVE NAGAR",43 sukh samruddhi maharashtra pune region pune bungalow no 5 s no 5 vidisha society karve nagar,"43, 5, 5",
रियल मॉडर्न फूड लिमिटेड,रियल मॉडर्न फूड ltd,रियल मॉडर्न फूड,riyl modrn phud limited,"SHP NO. G-4, PLOT NO. 19, SECTOR 42, NERUL, THANE, NAVI MUMBAI, Maharashtra",shp no g 4 plot no 19 sector 42 nerul thane navi mumbai maharashtra,"4, 19, 42",
अल्फा अल टेक्नोलॉजीज प्राइवेट लिमिटेड,अल्फा अल टेक्नोलॉजीज pvt ltd,अल्फा अल टेक्नोलॉजीज,alpha al teknolojij praivet limited,"NO 990 C-2 GREATER KAILASH ENCLAVE PART-II, NEW DELHI, SOUTH DELHI, Delhi",no 990 c 2 greater kailash enclave part ii new delhi south delhi delhi,"990, 2",
ग्लोबल इन्वेस्टमेंट प्रा. लि.,ग्लोबल इन्वेस्टमेंट प्रा लि,ग्लोबल इन्वेस्टमेंट प्रा लि,globl investmemt pra li,"PLOT NO. ##74, SECOND FLOOR ZONE-2, M.P. NAGAR, BHOPAL, मध्य प्रदेश",plot no 74 second floor zone 2 m p nagar bhopal मध्य प्रदेश,"74, 2",
-- Holloway Peak Inc Seafood,holloway peak inc seafood,holloway peak inc seafood,holloway peak inc seafood,"105 ELM ST, MORGANTON, NC",105 elm street morganton nc,105,
CANDY'S-SERVICES,candys services,candys services,candys services,"313 FOXBOROUGH DRIVE, BRUNSWICK, OH",313 foxborough drive brunswick oh,313,
"Hail, Harris & Roberts Inc",hail harris and roberts inc,hail harris and roberts,hail harris and roberts inc,"8 WENTWORTH AVE, STOUGHTON, MA",8 wentworth avenue stoughton ma,8,
G-P Starkey Motor,g p starkey motor,g p starkey motor,g p starkey motor,"7336 MAITLAND LN, CHARLOTTE, NC",7336 maitland lane charlotte nc,7336,
Beacon Realty Industries-Corp,beacon realty industries corp,beacon realty industries,beacon realty industries corp,"2724 CANTON DR, FT WORTH, TX",2724 canton drive ft worth tx,2724,
THE SPICEWOOD-HOMES,the spicewood homes,the spicewood homes,the spicewood homes,"22120 1/2 COYOTE CAVE TRL, null, SPICEWOOD, TX",22120 1 2 coyote cave trail null spicewood tx,"22120, 1, 2",
Summit Inc,summit inc,summit,summit inc,"GREENSBORO, NC, 19 1/2 STARDUST TRAIL",greensboro nc 19 1 2 stardust trail,"19, 1, 2",
Delta Tetlecommunication Inc,delta tetlecommunication inc,delta tetlecommunication,delta tetlecommunication inc,"914 PIERPONT AVE, CLEVELAND, OH",914 pierpont avenue cleveland oh,914,
Shree Infracon Private Ltd,shree infracon pvt ltd,shree infracon,shree infracon private ltd,"63/2275/7, ALHIND TOWER, FIRST FLOOR, JAFFERKHAN COLONY, KOZHIKODE, Kerala",63 2275 7 alhind tower first floor jafferkhan colony kozhikode kerala,"63, 2275, 7",
Chavira Platinum Chimera LLC,chavira platinum chimera llc,chavira platinum chimera,chavira platinum chimera llc,"282 SAXONY DRIVE, FTT MITCHELL, KY",282 saxony drive ftt mitchell ky,282,
ASSET BUILDING COALITION LLC,asset building coalition llc,asset building coalition,asset building coalition llc,"8219 17RD STREET, LAKE STEVENS, WA",8219 17rd street lake stevens wa,8219,
Keystone Odyssey Odyssey LLC,keystone odyssey odyssey llc,keystone odyssey odyssey,keystone odyssey odyssey llc,"1418 MEADOWBROOK DR, JOHNSON CITY, TN",1418 meadowbrook drive johnson city tn,1418,
Animal Welfare Nétwork,animal welfare nétwork,animal welfare nétwork,animal welfare network,"260 CADILLAC DR, SACRAMENTO, CA",260 cadillac drive sacramento ca,260,
[INCORPORATED] PEAK TRADIN6 NETWORKS SOUTHSIDE,inc peak tradin6 networks southside,peak tradin6 networks southside,incorporated peak tradin6 networks southside,"2062  SMITH HOLLOW RD, BLAINE, TN",2062 smith hollow road blaine tn,2062,
"Guerra And Krueger Table, LLC",guerra and krueger table llc,guerra and krueger table,guerra and krueger table llc,,,,
L E Pierce Cal [PC],l e pierce cal pc,l e pierce cal,l e pierce cal pc,,,,
Preferred Bay Montage Inc,preferred bay montage inc,preferred bay montage,preferred bay montage inc,,,,
DELONG STRATEGIC  READY,delong strategic ready,delong strategic ready,delong strategic ready,,,,
Desert Vanguard ([Maintenance]),desert vanguard maintenance,desert vanguard maintenance,desert vanguard maintenance,,,,
ब्लू टेक्नोलॉजीज,ब्लू टेक्नोलॉजीज,ब्लू टेक्नोलॉजीज,blu teknolojij,"MH, East Garo Hills, 2, Swadhin Sadan, C-road, Churchgate, Mumbai City",mh east garo hills 2 swadhin sadan c road churchgate mumbai city,2,
सनराइज फूड्स प्राइवेट लिमिटेड,सनराइज फूड्स pvt ltd,सनराइज फूड्स,snraij phuds praivet limited,"Word Number-04, Sidhi, Rampur Naikin, MP",word number 04 sidhi rampur naikin mp,04,
बेस्ट माँ इंटरनेशनल प्राइवेट लिमिटेड,बेस्ट माँ इंटरनेशनल pvt ltd,बेस्ट माँ इंटरनेशनल,best mam imtrnesnl praivet limited,"C/o Bopal Singh, Mohalla Adarsh Nagar, Gali No-01, Bijnor, Bijnor, Mohammadpur Deomal, UP",c o bopal singh mohalla adarsh nagar gali no 01 bijnor bijnor mohammadpur deomal up,01,
ग्रेट एक्सपोर्ट्स प्राइवेट लिमिटेड,ग्रेट एक्सपोर्ट्स pvt ltd,ग्रेट एक्सपोर्ट्स,gret eksports praivet limited,"10/13, Shivpur Dhoomanganj, Prayagraj, Allahabad, उत्तर प्रदेश",10 13 shivpur dhoomanganj prayagraj allahabad उत्तर प्रदेश,"10, 13",
फ्यूचर एग्रो प्रा. लि.,फ्यूचर एग्रो प्रा लि,फ्यूचर एग्रो प्रा लि,phyucr egro pra li,"C/o Bhaskarrao Shrimantrao Kawde House No 128/2 Vaijoda Partur, Jalna, महाराष्ट्र",c o bhaskarrao shrimantrao kawde house no 128 2 vaijoda partur jalna महाराष्ट्र,"128, 2",
Bombay बाबा Marketing Private Limited,bombay बाबा marketing pvt ltd,bombay बाबा marketing,bombay baba marketing private limited,"Plot No 1 Mukhitar Singh Marg Astal Colony Village Bawana, New Delhi, North West, DL",plot no 1 mukhitar singh marg astal colony village bawana new delhi north west dl,1,
Moyna's Coffee,moynas coffee,moynas coffee,moynas coffee,"1 Ivanhoe Ave, PO Box 6009, Cincinnati, Ohio",1 ivanhoe avenue po box 6009 cincinnati ohio,"1, 6009",
Cinder Charlton-PC,cinder charlton pc,cinder charlton,cinder charlton pc,"0200 Washington Street, ALVO, Nebraska",0200 washington street alvo nebraska,0200,
Estell's Creative,estells creative,estells creative,estells creative,"15380 Fillmore Street, Unit 1006, Goodyear, Arizona",15380 fillmore street unit 1006 goodyear arizona,"15380, 1006",
MW Management Private  Limited - 2067865001,mw management pvt ltd 2067865001,mw management pvt ltd 2067865001,mw management private limited 2067865001,"Pt No 18, Nagpur, MH",pt no 18 nagpur mh,18,
Compher's Auto  Glass,comphers auto glass,comphers auto glass,comphers auto glass,"4301 Broadway Ave, Evansville, Indiana",4301 broadway avenue evansville indiana,4301,
Ear N0se & Throat Regional,ear n0se and throat regional,ear n0se and throat regional,ear n0se and throat regional,"25 Eighth Avenue, Haverhill, Massachusetts",25 eighth avenue haverhill massachusetts,25,
