entity_id,difficulty_category,raw_name,normalized_name,core_name,transliterated_name,raw_address,normalized_address,house_number,postal_code,raw_country,normalized_country
S1-851869949,complex_legal_suffix_stripped,Custom Wealth Services LLC,custom wealth services llc,custom wealth services,custom wealth services llc,"OH, Columbus, 5559 Orville Avenue",oh columbus 5559 orville avenue,5559,,US,US
S1-785847572,complex_legal_suffix_stripped,Consulting Nyasa Nursing Private Limited,consulting nyasa nursing pvt ltd,consulting nyasa nursing,consulting nyasa nursing private limited,"2505, Tower 1, Oakwood, Runwal Greens, Mulund Goreagon Link Road, Near Fortis Hospital, Bhandup West, Mumbai, Maharashtra",2505 tower 1 oakwood runwal greens mulund goreagon link road near fortis hospital bhandup west mumbai maharashtra,2505,,India,India
S1-564729135,multiple_address_numbers_and_units,Dream Construction Limited,dream construction ltd,dream construction,dream construction limited,"H.No.16-11-23/37/A, 2Nd Floor, Flat No.207, Sagar Hotel Building, Opp.Rta Office, Mo, Osarambagh, Hyderabad, Telangana",h no 16 11 23 37 a 2nd floor flat no 207 sagar hotel building opposite rta office mo osarambagh hyderabad telangana,16-11-23/37,,India,India
S1-82053739,complex_legal_suffix_stripped,Smart Healthcare Private Limited,smart healthcare pvt ltd,smart healthcare,smart healthcare private limited,"303, 3Rd Floor Sakar 5 B/H Natraj Cinema Ashram Road, Ahmedabad, Gujarat",303 3rd floor sakar 5 b h natraj cinema ashram road ahmedabad gujarat,303,,India,India
S1-309349399,complex_legal_suffix_stripped,Callicoat & Dailey Inc,callicoat and dailey inc,callicoat and dailey,callicoat and dailey inc,"Charlotte, NC, 833 Reliance Street",charlotte nc 833 reliance street,833,,US,US
S1-341506266,complex_legal_suffix_stripped,Secunderabad Park Private Limited,secunderabad park pvt ltd,secunderabad park,secunderabad park private limited,"Secunderabad, Hyderabad, Plot No.53, Flat No.402, Sr Estate-I Rainbow Colony, Ammuguda, Sainikpuri, Telangana, # 53/1",secunderabad hyderabad plot no 53 flat no 402 sr estate i rainbow colony ammuguda sainikpuri telangana 53 1,53,,India,India
S1-597762257,complex_legal_suffix_stripped,Green Logistics Private Limited,green logistics pvt ltd,green logistics,green logistics private limited,"E-7, Second Floor, New Delhi, South Delhi, Delhi",e 7 second floor new delhi south delhi delhi,7,,India,India
S1-404435514,complex_legal_suffix_stripped,Colline Molitor Sea LLC,colline molitor sea llc,colline molitor sea,colline molitor sea llc,"5620 Trinity Road, Unit 103, Raleigh, NC",5620 trinity road unit 103 raleigh nc,5620,,US,US
S1-17666546,complex_legal_suffix_stripped,Pacific Learning Laboratories LLC,pacific learning laboratories llc,pacific learning laboratories,pacific learning laboratories llc,"4810 Nassau Avenue, Sand Springs, OK",4810 nassau avenue sand springs ok,4810,,US,US
S1-791217329,complex_legal_suffix_stripped,Indian Brothers Private Limited,indian brothers pvt ltd,indian brothers,indian brothers private limited,"#17/1, Lower Ground Floor, 1St Cross, Lalbagh Road, Bangalore South, Bangalore, Karnataka",17 1 lower ground floor 1st cross lalbagh road bangalore south bangalore karnataka,17,,India,India
S1-602913883,complex_legal_suffix_stripped,Cascade Allied Telecom LLC,cascade allied telecom llc,cascade allied telecom,cascade allied telecom llc,"165 Linden Street, Unit 106, Wellesley, MA",165 linden street unit 106 wellesley ma,165,,US,US
S1-796227187,complex_legal_suffix_stripped,Foot & Ankle Allied Center LLC,foot and ankle allied center llc,foot and ankle allied center,foot and ankle allied center llc,"1216 Preston Avenue, Charlottesville City, VA",1216 preston avenue charlottesville city va,1216,,US,US
S1-945437722,complex_legal_suffix_stripped,Joeann Hills Park Inc.,joeann hills park inc,joeann hills park,joeann hills park inc,"10101 Threave Road, Unit 301, Raleigh, NC",10101 threave road unit 301 raleigh nc,10101,,US,US
S1-370715897,complex_legal_suffix_stripped,Primary Care Physicians Inc.,primary care physicians inc,primary care physicians,primary care physicians inc,"53 Park Lane, Wellsville, NY",53 park lane wellsville ny,53,,US,US
S1-965555167,complex_legal_suffix_stripped,Siobhan's Bike Shop LLC,siobhans bike shop llc,siobhans bike shop,siobhans bike shop llc,"1644 Crownsville Road, Fl 0, Crownsville, MD",1644 crownsville road floor 0 crownsville md,1644,,US,US
S1-855787505,multiple_address_numbers_and_units,Blue Steels Limited,blue steels ltd,blue steels,blue steels limited,"12, Floor 2, Plot-750, 20, Satnam Nagar, Dr G D Marg, Mumbai, Maharashtra",12 floor 2 plot 750 20 satnam nagar drive g d marg mumbai maharashtra,12,,India,India
S1-277072715,complex_legal_suffix_stripped,Shiva Management Private Limited,shiva management pvt ltd,shiva management,shiva management private limited,"D No. 20-6-3/12, Dantuluri Vari Street, Ayodyanagar, Vijayawada (Urban), Krishna, Andhra Pradesh",d no 20 6 3 12 dantuluri vari street ayodyanagar vijayawada urban krishna andhra pradesh,20-6-3/12,,India,India
S1-269656551,complex_legal_suffix_stripped,Impetus Hotel Public Limited,impetus hotel public ltd,impetus hotel public,impetus hotel public limited,"Canal Road Wakdai Nagar, Mangaon, Raigarh, Maharashtra",canal road wakdai nagar mangaon raigarh maharashtra,,,India,India
S1-356020591,complex_legal_suffix_stripped,Essy Reed Royal Internet LLC,essy reed royal internet llc,essy reed royal internet,essy reed royal internet llc,"9889 Kent Street, Elk Grove, CA",9889 kent street elk grove ca,9889,,US,US
S1-942221484,complex_legal_suffix_stripped,Healthcare Janki Nutrition Pvt. Ltd.,healthcare janki nutrition pvt ltd,healthcare janki nutrition,healthcare janki nutrition pvt ltd,"Kalasandesh, Bharatkunj - 2, 19/38, Erandwana, Pune, Maharashtra",kalasandesh bharatkunj 2 19 38 erandwana pune maharashtra,2,,India,India
S2-166376419,non_latin_script_transliteration,राम मार्केटिंग प्राइवेट लिमिटेड,राम मार्केटिंग pvt ltd,राम मार्केटिंग,ram marketimg praivet limited,"KH NO. -570/13, NEW DELHI, WEST DELHI, Delhi",kh no 570 13 new delhi west delhi delhi,570,,India,India
S2-639257739,non_latin_script_transliteration,आदित्य प्रॉपर्टीज एलएलपी,आदित्य प्रॉपर्टीज llp,आदित्य प्रॉपर्टीज,adity proprtij elelpi,"G-3/571, GULMOHAR COLONY, BHOPAL, Madhya Pradesh",g 3 571 gulmohar colony bhopal madhya pradesh,3,,India,India
S2-163963287,multiple_address_numbers_and_units,Summit Inc,summit inc,summit,summit inc,"GREENSBORO, NC, 19 1/2 STARDUST TRAIL",greensboro nc 19 1 2 stardust trail,19,,US,US
S2-277444929,complex_legal_suffix_stripped,Shree Infracon Private Ltd,shree infracon pvt ltd,shree infracon,shree infracon private ltd,"63/2275/7, ALHIND TOWER, FIRST FLOOR, JAFFERKHAN COLONY, KOZHIKODE, Kerala",63 2275 7 alhind tower first floor jafferkhan colony kozhikode kerala,63/2275/7,,India,India
S2-721031885,complex_legal_suffix_stripped,Chavira Platinum Chimera LLC,chavira platinum chimera llc,chavira platinum chimera,chavira platinum chimera llc,"282 SAXONY DRIVE, FTT MITCHELL, KY",282 saxony drive ftt mitchell ky,282,,US,US
S2-508602797,complex_legal_suffix_stripped,FOUNDATION EXCEL AGENCY PRIVATE  LIMITED,foundation excel agency pvt ltd,foundation excel agency,foundation excel agency private limited,"HN 753 E-1, BHARAT NAGAR, 104/1/1 ERANDWANE, Maharashtra",hn 753 e 1 bharat nagar 104 1 1 erandwane maharashtra,753,,India,India
S2-615967906,non_latin_script_transliteration,सन कंस्ट्रक्शंस प्राइवेट लिमिटेड,सन कंस्ट्रक्शंस pvt ltd,सन कंस्ट्रक्शंस,sn kmstrksms praivet limited,"43 SUKH SAMRUDDHI, Maharashtra, PUNE REGION, PUNE, BUNGALOW NO. 5, S. NO. 5, VIDISHA SOCIETY, KARVE NAGAR",43 sukh samruddhi maharashtra pune region pune bungalow no 5 s no 5 vidisha society karve nagar,43,,India,India
S2-684635925,complex_legal_suffix_stripped,Global Developers Medicals Private Limited,global developers medicals pvt ltd,global developers medicals,global developers medicals private limited,"H.NO 008 GOVIND BUILDING OPP.HOTEL VRINDHAVAN AARAY ROAD GOREGAON (EAST), MUMBAI, Maharashtra",h no 008 govind building opposite hotel vrindhavan aaray road goregaon east mumbai maharashtra,008,,India,India
S2-868087865,complex_legal_suffix_stripped,ASSET BUILDING COALITION LLC,asset building coalition llc,asset building coalition,asset building coalition llc,"8219 17RD STREET, LAKE STEVENS, WA",8219 17rd street lake stevens wa,8219,,US,US
S2-795141272,complex_legal_suffix_stripped,Olszewski Holding Company LLC LLC,olszewski holding co llc llc,olszewski holding,olszewski holding company llc llc,"218 SHOAL CREEK, WILLIAMSBURG, VA",218 shoal creek williamsburg va,218,,US,US
S2-566688803,non_latin_script_transliteration,रियल मॉडर्न फूड लिमिटेड,रियल मॉडर्न फूड ltd,रियल मॉडर्न फूड,riyl modrn phud limited,"SHP NO. G-4, PLOT NO. 19, SECTOR 42, NERUL, THANE, NAVI MUMBAI, Maharashtra",shp no g 4 plot no 19 sector 42 nerul thane navi mumbai maharashtra,19,,India,India
S2-634015823,complex_legal_suffix_stripped,Crestline Crestline Clean LP,crestline crestline clean lp,crestline crestline clean,crestline crestline clean lp,"HIGHWAY 49, ASHLAND CITY, TN",highway 49 ashland city tn,49,,US,US
S2-953098128,complex_legal_suffix_stripped,Keystone Odyssey Odyssey LLC,keystone odyssey odyssey llc,keystone odyssey odyssey,keystone odyssey odyssey llc,"1418 MEADOWBROOK DR, JOHNSON CITY, TN",1418 meadowbrook drive johnson city tn,1418,,US,US
S2-879667609,non_latin_script_transliteration,குளோபல் பிசினஸ் பிரைவேட் லிமிடெட்,குளோபல் பிசினஸ் பிரைவேட் லிமிடெட்,குளோபல் பிசினஸ் பிரைவேட் லிமிடெட்,kulopl picins piraivet limitet,"#C-21 - S, AMBATTUR, CHENNAI, Tamil Nadu",c 21 s ambattur chennai tamil nadu,21,,India,India
S2-763108962,complex_legal_suffix_stripped,Core Welfare Society LLP,core welfare society llp,core welfare society,core welfare society llp,"PLOT NO Q-17 KH. NO. 48/19 GROUND FLOOR ONLY, FLOOR BLK-Q RAJEEV EXTN VILLAGE KARALA LANDMARK NEAR, DELHI, Delhi",plot no q 17 kh no 48 19 ground floor only floor blk q rajeev extn village karala landmark near delhi delhi,17,,India,India
S2-944853638,complex_legal_suffix_stripped,Piedmont Complete Chile  L.L.C.,piedmont complete chile llc,piedmont complete chile,piedmont complete chile llc,"259 1/2 CAVALIER WAY, BURLINGTON, NC",259 1 2 cavalier way burlington nc,259,,US,US
S2-783158461,non_latin_script_transliteration,Animal Welfare Nétwork,animal welfare nétwork,animal welfare nétwork,animal welfare network,"260 CADILLAC DR, SACRAMENTO, CA",260 cadillac drive sacramento ca,260,,US,US
S2-669879950,complex_legal_suffix_stripped,"Hail, Harris & Roberts Inc",hail harris and roberts inc,hail harris and roberts,hail harris and roberts inc,"8 WENTWORTH AVE, STOUGHTON, MA",8 wentworth avenue stoughton ma,8,,US,US
S2-91305348,complex_legal_suffix_stripped,Swastik Impex Private Ltd,swastik impex pvt ltd,swastik impex,swastik impex private ltd,"8-2-595/3/8A-8B, EDEN GARDENS, ROAD NO.10, KHAIRATABAD, Telangana",8 2 595 3 8a 8b eden gardens road no 10 khairatabad telangana,8-2-595/3,,India,India
S2-73037424,complex_legal_suffix_stripped,Eye Valley Medicine Incorporated,eye valley medicine inc,eye valley medicine,eye valley medicine incorporated,"39 MAIN STREET, SAVONA, NY",39 main street savona ny,39,,US,US
S3-859268022,missing_address,International South Consultants Private Ltd,international south consultants pvt ltd,international south consultants,international south consultants private ltd,,,,,India,India
S3-22467283,non_latin_script_transliteration,LLC Moncada Léarning Center,llc moncada léarning center,moncada léarning center,llc moncada learning center,"5780 Fawn Ct, Fort Worth, Texas",5780 fawn court fort worth texas,5780,,US,US
S3-960981775,complex_legal_suffix_stripped,Pvt. EFS Print Ventures Ltd.,pvt efs print ventures ltd,efs print ventures,pvt efs print ventures ltd,"Door No 183, 41St Cross, 22Nd Main 9Th Block Jayanagar, Bengaluru Urban, Bangalore, ಕರ್ನಾಟಕ",door no 183 41st cross 22nd main 9th block jayanagar bengaluru urban bangalore ಕರ್ನಾಟಕ,183,,India,India
S3-578159284,complex_legal_suffix_stripped,LLC Hernandez Colonial Redwood,llc hernandez colonial redwood,hernandez colonial redwood,llc hernandez colonial redwood,"2260- Housecreek Trail, Unit 407, Raleigh, North Carolina",2260 housecreek trail unit 407 raleigh north carolina,2260,,US,US
S3-249416830,complex_legal_suffix_stripped,Ectolumdrex dba X+ Madison Inc,ectolumdrex dba x madison inc,ectolumdrex dba x madison,ectolumdrex dba x madison inc,"S03575 Cty Tk M, Town Of Buffalo, WI",s03575 cty tk m town of buffalo wi,,,US,US
S3-504183980,complex_legal_suffix_stripped,The Rapid  Learning Alliance LLC,the rapid learning alliance llc,the rapid learning alliance,the rapid learning alliance llc,"46 White Rock Dr, Hurricanne, West Virginia",46 white rock drive hurricanne west virginia,46,,US,US
S3-53737228,complex_legal_suffix_stripped,Indian Care Public Limited,indian care public ltd,indian care public,indian care public limited,"Raebareli, Rae Bareli, Raibareilly, UP, No #51 C/o Shiv Kumar Maurya S/o Ram Ausan Bastepur",raebareli rae bareli raibareilly up no 51 c o shiv kumar maurya s o ram ausan bastepur,51,,India,India
S3-16693061,non_latin_script_transliteration,Béque,béque,béque,beque,"189 Connmre Dr, Nashville, Tennessee",189 connmre drive nashville tennessee,189,,US,US
S3-45067784,non_latin_script_transliteration,அரிஹந்த் Foundation Private Limited,அரிஹந்த் foundation pvt ltd,அரிஹந்த் foundation,arihnt foundation private limited,"Saranampatti Roadvellakinar Post Coimbatore, Tamilnadu, Coimbatore, TN",saranampatti roadvellakinar post coimbatore tamilnadu coimbatore tn,,,India,India
S3-128062172,complex_legal_suffix_stripped,Bajaj Foundation  Private Limited,bajaj foundation pvt ltd,bajaj foundation,bajaj foundation private limited,"Rajendra Nagar, Andhra Pradesh, 221, 2Nd Floor, 7-90/5, Hn 86 Gandipet Main Rd, K.v.rangareddy",rajendra nagar andhra pradesh 221 2nd floor 7 90 5 hn 86 gandipet main road k v rangareddy,86,,India,India
S3-973629095,digits_in_business_name,Center 5uperior Co,center 5uperior co,center 5uperior,center 5uperior co,"144 Foster Avenue, Harriman, Tennessee",144 foster avenue harriman tennessee,144,,US,US
S3-554084947,multiple_address_numbers_and_units,Palace Vidyalaya,palace vidyalaya,palace vidyalaya,palace vidyalaya,"Plot No.: 3829/3250, Near Metro Pillar No: 234, Kanhaiya Nagar, Tri Nagar, Delhi, New Delhi, दिल्ली",plot no 3829 3250 near metro pillar no 234 kanhaiya nagar tri nagar delhi new delhi दिल्ली,3829,,India,India
S3-181819854,non_latin_script_transliteration,Cardiology Heartland Cáre Associates #98825,cardiology heartland cáre associates 98825,cardiology heartland cáre associates 98825,cardiology heartland care associates 98825,"Tennessee, 607 Fourth St, Columbia",tennessee 607 fourth street columbia,607,,US,US
S3-776815069,complex_legal_suffix_stripped,Sai  Surgical (India) Ltd,sai surgical india ltd,sai surgical india,sai surgical india ltd,"Unit A3, Ugf, Plot No. 17, Satbari Vill., Chattarpur, South West Delhi, DL",unit a3 ugf plot no 17 satbari vill chattarpur south west delhi dl,17,,India,India
S3-230314480,digits_in_business_name,MW Management Private  Limited - 2067865001,mw management pvt ltd 2067865001,mw management pvt ltd 2067865001,mw management private limited 2067865001,"Pt No 18, Nagpur, MH",pt no 18 nagpur mh,18,,India,India
S3-32805948,non_latin_script_transliteration,സിൽവർ കൺസൾട്ടൻസി പ്രൈവറ്റ് ലിമിറ്റഡ്,സിൽവർ കൺസൾട്ടൻസി പ്രൈവറ്റ് ലിമിറ്റഡ്,സിൽവർ കൺസൾട്ടൻസി പ്രൈവറ്റ് ലിമിറ്റഡ്,silvr knslttnsi praivrr limirrd,"Ernakulam, KL, 18/479E/3 Peringattil Tower Kangarappady Kakkanad, Ernakulam",ernakulam kl 18 479e 3 peringattil tower kangarappady kakkanad ernakulam,18,,India,India
S3-256812623,non_latin_script_transliteration,ब्लू टेक्नोलॉजीज,ब्लू टेक्नोलॉजीज,ब्लू टेक्नोलॉजीज,blu teknolojij,"MH, East Garo Hills, 2, Swadhin Sadan, C-road, Churchgate, Mumbai City",mh east garo hills 2 swadhin sadan c road churchgate mumbai city,2,,India,India
S3-726575561,non_latin_script_transliteration,గుజరాత్ Logistics లిమిటెడ్,గుజరాత్ logistics లిమిటెడ్,గుజరాత్ logistics లిమిటెడ్,gujrat logistics limited,"H.no 4-0 Flat No. 103, Sai Bhavana Encl Kamala Nagar, Hyderabad, TG",h no 4 0 flat no 103 sai bhavana encl kamala nagar hyderabad tg,4-0,,India,India
S3-572363539,complex_legal_suffix_stripped,Stellar + Brothers Private Ltd,stellar brothers pvt ltd,stellar brothers,stellar brothers private ltd,"A-401, Kamlesh Apartment, Sher-e-punjab Colony, Andheri (East), Bombay, Mumbai City, MH",a 401 kamlesh apartment sher e punjab colony andheri east bombay mumbai city mh,401,,India,India
S3-551148968,digits_in_business_name,Ear N0se & Throat Regional,ear n0se and throat regional,ear n0se and throat regional,ear n0se and throat regional,"25 Eighth Avenue, Haverhill, Massachusetts",25 eighth avenue haverhill massachusetts,25,,US,US
