Feature,Positive_Mean,Negative_Mean,Difference,Positive_Median,Negative_Median,Cohen_d_Separation,Positive_Missing_Rate,Negative_Missing_Rate
address_char3_cosine,0.7853,0.0561,0.7292,0.8518,0.0291,4.2951,0.0,0.0
address_jaccard,0.6525,0.0207,0.6318,0.6667,0.0,3.3633,0.0,0.0
name_translit_similarity,0.8879,0.4499,0.438,0.9804,0.4138,2.4628,0.0,0.0
name_char3_cosine,0.7274,0.1626,0.5648,0.8165,0.0711,2.3687,0.0,0.0
address_levenshtein,0.7639,0.338,0.426,0.8411,0.3467,2.3502,0.0,0.0
name_char4_cosine,0.6891,0.1323,0.5568,0.7715,0.0,2.3433,0.0,0.0
name_address_similarity_product,0.3941,0.0027,0.3914,0.4,0.0,1.9981,0.0,0.0
name_jaccard,0.611,0.1085,0.5025,0.6667,0.0,1.976,0.0,0.0
name_core_similarity,0.8141,0.3808,0.4333,0.9375,0.3529,1.9199,0.0,0.0
name_token_sort,0.7814,0.3962,0.3852,0.875,0.3774,1.8322,0.0,0.0
name_token_set,0.8471,0.4357,0.4114,0.9697,0.4,1.8038,0.0,0.0
name_levenshtein,0.786,0.4147,0.3713,0.8667,0.4,1.7835,0.0,0.0
address_digit_overlap,0.664,-0.0409,0.705,1.0,0.0,1.6357,7.15,4.82
name_jaro_winkler,0.8738,0.6268,0.247,0.9423,0.6025,1.5428,0.0,0.0
house_number_match,0.6005,-0.1384,0.7389,1.0,0.0,1.3308,12.41,14.29
name_length_ratio,0.857,0.7109,0.1461,0.9118,0.7333,0.8223,0.0,0.0
name_exact,0.1562,0.0008,0.1555,0.0,0.0,0.6038,0.0,0.0
name_high_address_high,0.136,0.0,0.136,0.0,0.0,0.561,0.0,0.0
address_exact,0.1142,0.0,0.1142,0.0,0.0,0.5078,0.0,0.0
address_length_ratio,0.8166,0.7269,0.0897,0.8919,0.7838,0.3851,0.0,0.0
country_match,1.0,0.9578,0.0422,1.0,1.0,0.2969,0.0,0.0
postal_code_match,-0.906,-0.9933,0.0873,-1.0,-1.0,0.2892,95.13,99.33
name_high_address_low,0.0271,0.0021,0.0249,0.0,0.0,0.2089,0.0,0.0
name_address_conflict,0.0168,0.0013,0.0155,0.0,0.0,0.1641,0.0,0.0
address_missing,0.044,0.046,-0.002,0.0,0.0,-0.0094,0.0,0.0
name_token_count_difference,1.2566,1.5386,-0.282,0.0,1.0,-0.1201,0.0,0.0
address_token_count_difference,1.6094,2.8936,-1.2842,1.0,2.0,-0.4319,0.0,0.0
numeric_conflict,0.0476,0.8302,-0.7826,0.0,1.0,-2.5643,0.0,0.0
