Sweep_Type,Threshold_S2,Threshold_S3,Global_Threshold,Macro F0.5,Macro Precision,Macro Recall,Singleton Score,Multi-Match F0.5,Total Predicted Links
Global,0.5,0.5,0.5,0.998,0.9982,0.9979,0.9963,0.9981,17242
Global,0.55,0.55,0.55,0.9977,0.998,0.9976,0.9963,0.9978,17237
Global,0.6,0.6,0.6,0.9977,0.998,0.9973,0.9963,0.9977,17232
Global,0.65,0.65,0.65,0.9977,0.9981,0.9971,0.9963,0.9978,17226
Global,0.7,0.7,0.7,0.9976,0.9982,0.9966,0.9963,0.9977,17214
Global,0.75,0.75,0.75,0.9976,0.9983,0.9963,0.9963,0.9977,17208
Global,0.8,0.8,0.8,0.9975,0.9983,0.996,0.9963,0.9976,17203
Global,0.85,0.85,0.85,0.9974,0.9984,0.9952,0.9963,0.9974,17185
Global,0.9,0.9,0.9,0.9973,0.9988,0.9941,1.0,0.9972,17160
Global,0.95,0.95,0.95,0.9965,0.9986,0.9914,1.0,0.9963,17108
Source_Split,0.5,0.5,,0.998,0.9982,0.9979,0.9963,0.9981,17242
Source_Split,0.5,0.55,,0.998,0.9982,0.9979,0.9963,0.9981,17241
Source_Split,0.5,0.6,,0.9979,0.9982,0.9976,0.9963,0.998,17237
Source_Split,0.5,0.65,,0.9979,0.9982,0.9976,0.9963,0.998,17235
Source_Split,0.5,0.7,,0.9978,0.9982,0.9972,0.9963,0.9979,17227
Source_Split,0.5,0.75,,0.9977,0.9982,0.997,0.9963,0.9978,17223
Source_Split,0.5,0.8,,0.9976,0.9982,0.9967,0.9963,0.9977,17219
Source_Split,0.5,0.85,,0.9975,0.9982,0.9962,0.9963,0.9976,17210
Source_Split,0.5,0.9,,0.9973,0.9982,0.9954,0.9963,0.9973,17198
Source_Split,0.5,0.95,,0.9965,0.9978,0.9935,0.9963,0.9965,17168
Source_Split,0.55,0.5,,0.9977,0.998,0.9976,0.9963,0.9978,17238
Source_Split,0.55,0.55,,0.9977,0.998,0.9976,0.9963,0.9978,17237
Source_Split,0.55,0.6,,0.9977,0.998,0.9973,0.9963,0.9977,17233
Source_Split,0.55,0.65,,0.9976,0.998,0.9972,0.9963,0.9977,17231
Source_Split,0.55,0.7,,0.9976,0.998,0.9969,0.9963,0.9976,17223
Source_Split,0.55,0.75,,0.9975,0.998,0.9967,0.9963,0.9976,17219
Source_Split,0.55,0.8,,0.9974,0.998,0.9964,0.9963,0.9975,17215
Source_Split,0.55,0.85,,0.9973,0.998,0.9959,0.9963,0.9973,17206
Source_Split,0.55,0.9,,0.997,0.998,0.9951,0.9963,0.9971,17194
Source_Split,0.55,0.95,,0.9962,0.9976,0.9932,0.9963,0.9962,17164
Source_Split,0.6,0.5,,0.9977,0.998,0.9975,0.9963,0.9978,17237
Source_Split,0.6,0.55,,0.9977,0.998,0.9975,0.9963,0.9978,17236
Source_Split,0.6,0.6,,0.9977,0.998,0.9973,0.9963,0.9977,17232
Source_Split,0.6,0.65,,0.9976,0.998,0.9972,0.9963,0.9977,17230
Source_Split,0.6,0.7,,0.9975,0.998,0.9968,0.9963,0.9976,17222
Source_Split,0.6,0.75,,0.9975,0.998,0.9966,0.9963,0.9975,17218
Source_Split,0.6,0.8,,0.9974,0.998,0.9964,0.9963,0.9975,17214
Source_Split,0.6,0.85,,0.9972,0.998,0.9958,0.9963,0.9973,17205
Source_Split,0.6,0.9,,0.997,0.998,0.9951,0.9963,0.9971,17193
Source_Split,0.6,0.95,,0.9962,0.9976,0.9932,0.9963,0.9962,17163
Source_Split,0.65,0.5,,0.9978,0.9981,0.9974,0.9963,0.9979,17233
Source_Split,0.65,0.55,,0.9978,0.9981,0.9974,0.9963,0.9978,17232
Source_Split,0.65,0.6,,0.9977,0.9981,0.9971,0.9963,0.9978,17228
Source_Split,0.65,0.65,,0.9977,0.9981,0.9971,0.9963,0.9978,17226
Source_Split,0.65,0.7,,0.9976,0.9981,0.9967,0.9963,0.9977,17218
Source_Split,0.65,0.75,,0.9975,0.9981,0.9965,0.9963,0.9976,17214
Source_Split,0.65,0.8,,0.9974,0.9981,0.9962,0.9963,0.9975,17210
Source_Split,0.65,0.85,,0.9973,0.9981,0.9957,0.9963,0.9973,17201
Source_Split,0.65,0.9,,0.9971,0.9981,0.9949,0.9963,0.9971,17189
Source_Split,0.65,0.95,,0.9963,0.9977,0.993,0.9963,0.9963,17159
Source_Split,0.7,0.5,,0.9978,0.9982,0.9973,0.9963,0.9979,17229
Source_Split,0.7,0.55,,0.9978,0.9982,0.9973,0.9963,0.9979,17228
Source_Split,0.7,0.6,,0.9978,0.9982,0.997,0.9963,0.9978,17224
Source_Split,0.7,0.65,,0.9977,0.9982,0.997,0.9963,0.9978,17222
Source_Split,0.7,0.7,,0.9976,0.9982,0.9966,0.9963,0.9977,17214
Source_Split,0.7,0.75,,0.9976,0.9982,0.9964,0.9963,0.9977,17210
Source_Split,0.7,0.8,,0.9975,0.9982,0.9961,0.9963,0.9976,17206
Source_Split,0.7,0.85,,0.9973,0.9982,0.9956,0.9963,0.9974,17197
Source_Split,0.7,0.9,,0.9971,0.9982,0.9948,0.9963,0.9972,17185
Source_Split,0.7,0.95,,0.9963,0.9978,0.993,0.9963,0.9963,17155
Source_Split,0.75,0.5,,0.9979,0.9983,0.9973,0.9963,0.9979,17227
Source_Split,0.75,0.55,,0.9978,0.9983,0.9972,0.9963,0.9979,17226
Source_Split,0.75,0.6,,0.9978,0.9983,0.997,0.9963,0.9979,17222
Source_Split,0.75,0.65,,0.9978,0.9983,0.9969,0.9963,0.9978,17220
Source_Split,0.75,0.7,,0.9977,0.9983,0.9965,0.9963,0.9977,17212
Source_Split,0.75,0.75,,0.9976,0.9983,0.9963,0.9963,0.9977,17208
Source_Split,0.75,0.8,,0.9975,0.9983,0.9961,0.9963,0.9976,17204
Source_Split,0.75,0.85,,0.9974,0.9983,0.9956,0.9963,0.9974,17195
Source_Split,0.75,0.9,,0.9971,0.9983,0.9948,0.9963,0.9972,17183
Source_Split,0.75,0.95,,0.9963,0.9979,0.9929,0.9963,0.9963,17153
Source_Split,0.8,0.5,,0.9978,0.9983,0.9972,0.9963,0.9979,17226
Source_Split,0.8,0.55,,0.9978,0.9983,0.9972,0.9963,0.9979,17225
Source_Split,0.8,0.6,,0.9978,0.9983,0.997,0.9963,0.9979,17221
Source_Split,0.8,0.65,,0.9978,0.9983,0.9969,0.9963,0.9978,17219
Source_Split,0.8,0.7,,0.9977,0.9983,0.9965,0.9963,0.9977,17211
Source_Split,0.8,0.75,,0.9976,0.9983,0.9963,0.9963,0.9977,17207
Source_Split,0.8,0.8,,0.9975,0.9983,0.996,0.9963,0.9976,17203
Source_Split,0.8,0.85,,0.9974,0.9983,0.9955,0.9963,0.9974,17194
Source_Split,0.8,0.9,,0.9971,0.9983,0.9947,0.9963,0.9972,17182
Source_Split,0.8,0.95,,0.9963,0.9979,0.9929,0.9963,0.9963,17152
Source_Split,0.85,0.5,,0.9978,0.9984,0.9969,0.9963,0.9979,17217
Source_Split,0.85,0.55,,0.9978,0.9984,0.9968,0.9963,0.9979,17216
Source_Split,0.85,0.6,,0.9978,0.9984,0.9966,0.9963,0.9979,17212
Source_Split,0.85,0.65,,0.9978,0.9984,0.9965,0.9963,0.9978,17210
Source_Split,0.85,0.7,,0.9977,0.9984,0.9962,0.9963,0.9977,17202
Source_Split,0.85,0.75,,0.9976,0.9984,0.9959,0.9963,0.9977,17198
Source_Split,0.85,0.8,,0.9975,0.9984,0.9957,0.9963,0.9976,17194
Source_Split,0.85,0.85,,0.9974,0.9984,0.9952,0.9963,0.9974,17185
Source_Split,0.85,0.9,,0.9971,0.9984,0.9944,0.9963,0.9972,17173
Source_Split,0.85,0.95,,0.9963,0.998,0.9925,0.9963,0.9964,17143
Source_Split,0.9,0.5,,0.998,0.9988,0.9965,1.0,0.9979,17204
Source_Split,0.9,0.55,,0.998,0.9988,0.9965,1.0,0.9979,17203
Source_Split,0.9,0.6,,0.998,0.9988,0.9963,1.0,0.9979,17199
Source_Split,0.9,0.65,,0.9979,0.9988,0.9962,1.0,0.9978,17197
Source_Split,0.9,0.7,,0.9979,0.9988,0.9958,1.0,0.9977,17189
Source_Split,0.9,0.75,,0.9978,0.9988,0.9956,1.0,0.9977,17185
Source_Split,0.9,0.8,,0.9977,0.9988,0.9954,1.0,0.9976,17181
Source_Split,0.9,0.85,,0.9976,0.9988,0.9948,1.0,0.9974,17172
Source_Split,0.9,0.9,,0.9973,0.9988,0.9941,1.0,0.9972,17160
Source_Split,0.9,0.95,,0.9965,0.9984,0.9922,1.0,0.9963,17130
Source_Split,0.95,0.5,,0.998,0.999,0.9957,1.0,0.9979,17182
Source_Split,0.95,0.55,,0.998,0.999,0.9957,1.0,0.9979,17181
Source_Split,0.95,0.6,,0.9979,0.999,0.9955,1.0,0.9978,17177
Source_Split,0.95,0.65,,0.9979,0.999,0.9954,1.0,0.9978,17175
Source_Split,0.95,0.7,,0.9978,0.999,0.995,1.0,0.9977,17167
Source_Split,0.95,0.75,,0.9978,0.999,0.9948,1.0,0.9976,17163
Source_Split,0.95,0.8,,0.9977,0.999,0.9946,1.0,0.9975,17159
Source_Split,0.95,0.85,,0.9975,0.999,0.994,1.0,0.9974,17150
Source_Split,0.95,0.9,,0.9973,0.999,0.9933,1.0,0.9971,17138
Source_Split,0.95,0.95,,0.9965,0.9986,0.9914,1.0,0.9963,17108
