feature,feature_group,oof_auc_drop,cv_average_gain
address_jaccard,Address,0.001448,405785.72
address_length_ratio,Address,0.0001,8791.34
address_char3_cosine,Address,2.4e-05,85615.84
address_digit_overlap,Numeric,1.5e-05,4853.87
name_jaccard,Name,1.2e-05,2609.97
name_core_similarity,Name,1e-05,18640.51
name_translit_similarity,Transliteration,9e-06,3121.02
score_confidence,Interaction features,7e-06,12409.3
name_monge_elkan,Name,7e-06,953.15
name_prefix_stripped_sim,Name,4e-06,9007.67
name_length_ratio,Name,4e-06,769.93
name_abbrev_expanded_sim,Name,4e-06,672.74
name_levenshtein,Name,4e-06,838.07
name_jaro_winkler,Name,3e-06,1220.95
numeric_conflict,Numeric,3e-06,7741.35
address_levenshtein,Address,3e-06,1279.48
address_token_diff_norm,Address,2e-06,734.18
name_soundex_match,Name,1e-06,74.8
name_token_set,Name,1e-06,417.06
name_char3_cosine,Name,1e-06,8082.17
name_token_sort,Name,1e-06,806.19
name_char4_cosine,Name,1e-06,1108.37
name_token_count_difference,Name,1e-06,214.99
house_number_match,Numeric,1e-06,217.77
address_pin_prefix_match,Numeric,1e-06,799.87
name_exact,Name,0.0,4.87
address_token_count_difference,Address,0.0,221.94
country_match,Country,0.0,4.37
postal_code_match,Numeric,0.0,11.98
address_exact,Address,0.0,0.0
address_missing,Address,0.0,544.28
name_address_conflict,Name,0.0,2.57
name_address_similarity_product,Name,0.0,587.5
name_high_address_low,Name,0.0,6.59
name_high_address_high,Name,0.0,0.37
address_all_digits_overlap,Numeric,0.0,390.67
name_token_diff_norm,Name,0.0,114.17
address_street_type_match,Address,0.0,73.66
both_have_address,Context,0.0,43.73
numeric_conflict_flipped,Numeric,0.0,1142.56
