threshold,precision,recall,macro_f0_5,singleton_f0_5,multimatch_f0_5,predicted_pairs
0.5,0.99616,0.99667,0.99597,0.98901,0.99637,17263
0.55,0.99631,0.99639,0.99602,0.98901,0.99642,17255
0.6,0.99656,0.99618,0.99615,0.98901,0.99656,17246
0.65,0.99705,0.99612,0.99651,0.99267,0.99674,17235
0.7,0.99719,0.99548,0.99645,0.99267,0.99667,17222
0.75,0.99733,0.99489,0.9964,0.99267,0.99661,17208
0.8,0.9975,0.9942,0.99635,0.99267,0.99656,17191
0.85,0.99785,0.99386,0.99652,0.99634,0.99653,17175
0.9,0.99778,0.99263,0.99611,0.99634,0.99609,17152
0.95,0.99804,0.99078,0.99583,0.99634,0.9958,17108
